medium,dist,rate,bits,ber,y,pump
clean,15,0.4,6,0.0,-5.0,0
clean,15,0.4,7,5.10204e-05,-4.292256140843599,0
clean,15,0.4,8,0.000336735,-3.4727117410016213,0
clean,15,0.8,6,0.000101781,-3.9923332864913306,0
clean,15,0.8,7,0.000163265,-3.787106907339487,0
clean,15,0.8,8,0.000632653,-3.1988344282227414,0
clean,15,1.2,6,0.000193384,-3.7135794609622215,0
clean,15,1.2,7,0.000397959,-3.400161669109649,0
clean,15,1.2,8,0.00210204,-2.6773590239814253,0
clean,15,1.6,6,0.00256489,-2.59093125566616,0
clean,15,1.6,7,0.00827551,-2.0822052321914373,0
clean,15,1.6,8,0.0190204,-1.7207803540670539,0
clean,15,2.0,6,0.000366412,-3.4360303116186985,0
clean,15,2.0,7,0.00219388,-2.65878713098332,0
clean,15,2.0,8,0.00732653,-2.135101667742214,0
clean,15,2.4,6,0.0128651,-1.8905868336837626,0
clean,15,2.4,7,0.0308571,-1.5106448920505253,0
clean,15,2.4,8,0.0460918,-1.3363763312592294,0
clean,15,2.8,6,0.0265649,-1.5756918145944447,0
clean,15,2.8,7,0.049051,-1.3093521342564098,0
clean,15,2.8,8,0.0599082,-1.2225137290127268,0
clean,15,3.2,6,0.047827,-1.3203268598620361,0
clean,15,3.2,7,0.0712449,-1.1472462187739316,0
clean,15,3.2,8,0.0843878,-1.0737203350764402,0
clean,15,3.6,6,0.113109,-0.9465028372069162,0
clean,15,3.6,7,0.154296,-0.8116453325269029,0
clean,15,3.6,8,0.159265,-0.7978796540604527,0
clean,15,4.0,6,0.0850585,-1.0702822803037129,0
clean,15,4.0,7,0.103806,-0.9837775434857966,0
clean,15,4.0,8,0.114571,-0.9409252962760815,0
clean,20,0.4,6,0.0,-5.0,0
clean,20,0.4,7,0.000102041,-3.991225293963131,0
clean,20,0.4,8,0.000306122,-3.51410545793854,0
clean,20,0.8,6,0.000101781,-3.9923332864913306,0
clean,20,0.8,7,0.000479592,-3.3191280699118724,0
clean,20,0.8,8,0.000469388,-3.3284680174225545,0
clean,20,1.2,6,0.000111959,-3.9509409892378637,0
clean,20,1.2,7,0.000622449,-3.205896226442565,0
clean,20,1.2,8,0.00085714,-3.066948237281299,0
clean,20,1.6,6,0.00339949,-2.468586232016332,0
clean,20,1.6,7,0.00970408,-2.0130456318225076,0
clean,20,1.6,8,0.019,-1.7212463990471711,0
clean,20,2.0,6,0.000468193,-3.329575083770747,0
clean,20,2.0,7,0.00218367,-2.660812992344431,0
clean,20,2.0,8,0.00705102,-2.151748053458354,0
clean,20,2.4,6,0.0114097,-1.94272577451758,0
clean,20,2.4,7,0.031602,-1.5002854312588756,0
clean,20,2.4,8,0.0416327,-1.3805654229571516,0
clean,20,2.8,6,0.0260865,-1.5835841858538846,0
clean,20,2.8,7,0.0479796,-1.3189433770125585,0
clean,20,2.8,8,0.0574184,-1.2409489135610814,0
clean,20,3.2,6,0.0463104,-1.3343214678283366,0
clean,20,3.2,7,0.0688163,-1.1623086815084707,0
clean,20,3.2,8,0.0833878,-1.078897483897625,0
clean,20,3.6,6,0.115481,-0.9374894640309991,0
clean,20,3.6,7,0.169878,-0.7698628606674471,0
clean,20,3.6,8,0.164949,-0.7826503130122314,0
clean,20,4.0,6,0.0862392,-1.0642952808817916,0
clean,20,4.0,7,0.105633,-0.9762003859779802,0
clean,20,4.0,8,0.112194,-0.9500303680046953,0
clean,25,0.4,6,0.0,-5.0,0
clean,25,0.4,7,0.000142857,-3.845098474308956,0
clean,25,0.4,8,0.000102041,-3.991225293963131,0
clean,25,0.8,6,0.000122137,-3.9131527516026936,0
clean,25,0.8,7,0.000163265,-3.787106907339487,0
clean,25,0.8,8,0.00229592,-2.6390432487496107,0
clean,25,1.2,6,0.000101781,-3.9923332864913306,0
clean,25,1.2,7,0.000153061,-3.815135453602521,0
clean,25,1.2,8,0.00155102,-2.809382602035759,0
clean,25,1.6,6,0.00320611,-2.4940215813039335,0
clean,25,1.6,7,0.00923469,-2.0345776788430237,0
clean,25,1.6,8,0.0175102,-1.756708893413965,0
clean,25,2.0,6,0.000366412,-3.4360303116186985,0
clean,25,2.0,7,0.00217347,-2.6628463499173005,0
clean,25,2.0,8,0.00706122,-2.151120257376825,0
clean,25,2.4,6,0.0114402,-1.94156638304849,0
clean,25,2.4,7,0.0275,-1.5606673061697374,0
clean,25,2.4,8,0.0435408,-1.3611035956809217,0
clean,25,2.8,6,0.0242036,-1.6161200330337853,0
clean,25,2.8,7,0.0481429,-1.3174677525307918,0
clean,25,2.8,8,0.0623878,-1.2049003287582585,0
clean,25,3.2,6,0.0464122,-1.3333678449570725,0
clean,25,3.2,7,0.0664592,-1.1774448908285482,0
clean,25,3.2,8,0.0827143,-1.0824194012791446,0
clean,25,3.6,6,0.119623,-0.922185310207575,0
clean,25,3.6,7,0.174776,-0.757518204328467,0
clean,25,3.6,8,0.17,-0.769551078621726,0
clean,25,4.0,6,0.0845903,-1.0726794348096602,0
clean,25,4.0,7,0.109041,-0.9624101743002127,0
clean,25,4.0,8,0.113245,-0.9459809638877248,0
clean,30,0.4,6,0.0,-5.0,0
clean,30,0.4,7,5.10204e-05,-4.292256140843599,0
clean,30,0.4,8,0.000173469,-3.7607781250912065,0
clean,30,0.8,6,9.16031e-05,-4.038089828841834,0
clean,30,0.8,7,0.000142857,-3.845098474308956,0
clean,30,0.8,8,0.00055102,-3.258832637569262,0
clean,30,1.2,6,7.12468e-05,-4.147234636913154,0
clean,30,1.2,7,0.000153061,-3.815135453602521,0
clean,30,1.2,8,0.000755102,-3.1219943794368965,0
clean,30,1.6,6,0.00300254,-2.52251119819198,0
clean,30,1.6,7,0.0092551,-2.033618884397456,0
clean,30,1.6,8,0.0151122,-1.8206723074471534,0
clean,30,2.0,6,0.000519084,-3.2847623574027947,0
clean,30,2.0,7,0.00145918,-2.8358911315575748,0
clean,30,2.0,8,0.00480612,-2.318205389860206,0
clean,30,2.4,6,0.0113079,-1.9466180407944937,0
clean,30,2.4,7,0.0268061,-1.5717663666096071,0
clean,30,2.4,8,0.0365204,-1.4374644743786638,0
clean,30,2.8,6,0.0245089,-1.6106761801657292,0
clean,30,2.8,7,0.0466735,-1.3309296305763305,0
clean,30,2.8,8,0.0582551,-1.2346660479001925,0
clean,30,3.2,6,0.0454453,-1.3425110253047638,0
clean,30,3.2,7,0.0671531,-1.172933934122319,0
clean,30,3.2,8,0.0831224,-1.0802819258489889,0
clean,30,3.6,6,0.124794,-0.9038062946979222,0
clean,30,3.6,7,0.175316,-0.7561784467435241,0
clean,30,3.6,8,0.173643,-0.7603427195380671,0
clean,30,4.0,6,0.0845293,-1.0729927274681688,0
clean,30,4.0,7,0.106571,-0.9723609590376543,0
clean,30,4.0,8,0.124429,-0.9050783891613561,0
clean,35,0.4,6,0.0,-5.0,0
clean,35,0.4,7,0.000132653,-3.8772829238293114,0
clean,35,0.4,8,0.000673469,-3.1716823901990363,0
clean,35,0.8,6,0.000204097,-3.690163378885209,0
clean,35,0.8,7,0.000214286,-3.6690062018996525,0
clean,35,0.8,8,0.00234694,-2.6294980130865357,0
clean,35,1.2,6,0.000203562,-3.6913032908273498,0
clean,35,1.2,7,0.000438776,-3.3577571353193387,0
clean,35,1.2,8,0.00166327,-2.779037245673937,0
clean,35,1.6,6,0.00277863,-2.5561692796553133,0
clean,35,1.6,7,0.00861224,-2.0648838760590325,0
clean,35,1.6,8,0.0187959,-1.7259368742238739,0
clean,35,2.0,6,0.000610687,-3.2141813249498643,0
clean,35,2.0,7,0.00203061,-2.6923734794076064,0
clean,35,2.0,8,0.00318367,-2.4970719549439377,0
clean,35,2.4,6,0.0110534,-1.9565041134616181,0
clean,35,2.4,7,0.0279592,-1.5534752592695638,0
clean,35,2.4,8,0.041,-1.3872161432802645,0
clean,35,2.8,6,0.0240611,-1.6186845219251065,0
clean,35,2.8,7,0.0479592,-1.3191280699118726,0
clean,35,2.8,8,0.0627143,-1.2026334208440188,0
clean,35,3.2,6,0.0447735,-1.3489789549515165,0
clean,35,3.2,7,0.0675612,-1.1703026452355763,0
clean,35,3.2,8,0.0844184,-1.0735628833798578,0
clean,35,3.6,6,0.12545,-0.9015293343493707,0
clean,35,3.6,7,0.164827,-0.7829716458515488,0
clean,35,3.6,8,0.170296,-0.7687955528496674,0
clean,35,4.0,6,0.0860763,-1.065116409476463,0
clean,35,4.0,7,0.108235,-0.9656322785183896,0
clean,35,4.0,8,0.114204,-0.9423186846409161,0
clean,40,0.4,6,0.0,-5.0,0
clean,40,0.4,7,0.000102041,-3.991225293963131,0
clean,40,0.4,8,0.000214286,-3.6690062018996525,0
clean,40,0.8,6,0.000111959,-3.9509409892378637,0
clean,40,0.8,7,0.000734694,-3.133893506878819,0
clean,40,0.8,8,0.000561224,-3.250863765219055,0
clean,40,1.2,6,0.000234097,-3.6306041518385914,0
clean,40,1.2,7,0.00114286,-2.942006967287466,0
clean,40,1.2,8,0.00161224,-2.7925703081157174,0
clean,40,1.6,6,0.00262595,-2.5807135474509666,0
clean,40,1.6,7,0.00995918,-2.00177641821642,0
clean,40,1.6,8,0.0146531,-1.8340704865404978,0
clean,40,2.0,6,0.000478372,-3.3202342483368845,0
clean,40,2.0,7,0.00139796,-2.854505254933545,0
clean,40,2.0,8,0.00542857,-2.265314557685483,0
clean,40,2.4,6,0.0111247,-1.9537116918168105,0
clean,40,2.4,7,0.0265408,-1.576085990652095,0
clean,40,2.4,8,0.0382857,-1.416963408035678,0
clean,40,2.8,6,0.0251501,-1.5994602837944614,0
clean,40,2.8,7,0.0476837,-1.321630053032115,0
clean,40,2.8,8,0.0576837,-1.238946890486154,0
clean,40,3.2,6,0.0453639,-1.3432896155862624,0
clean,40,3.2,7,0.0676122,-1.1699749325402082,0
clean,40,3.2,8,0.0822551,-1.0848371653148652,0
clean,40,3.6,6,0.120936,-0.9174443999326253,0
clean,40,3.6,7,0.167439,-0.7761433784090903,0
clean,40,3.6,8,0.172102,-0.7642140827002326,0
clean,40,4.0,6,0.0868702,-1.061129178615983,0
clean,40,4.0,7,0.107306,-0.9693759938398316,0
clean,40,4.0,8,0.114939,-0.9395325856638762,0
clean,45,0.4,6,0.0,-5.0,0
clean,45,0.4,7,2.04082e-05,-4.69019529829915,0
clean,45,0.4,8,0.000346939,-3.4597468776362543,0
clean,45,0.8,6,7.12468e-05,-4.147234636913154,0
clean,45,0.8,7,0.000459184,-3.3380132530856295,0
clean,45,0.8,8,0.000714286,-3.14612786196048,0
clean,45,1.2,6,0.0001508906,-3.821337814533797,0
clean,45,1.2,7,0.000193878,-3.712471469006241,0
clean,45,1.2,8,0.00336735,-2.4727117410016213,0
clean,45,1.6,6,0.00292112,-2.5344506017846284,0
clean,45,1.6,7,0.009,-2.0457574905606752,0
clean,45,1.6,8,0.0187551,-1.7268806158996934,0
clean,45,2.0,6,0.000498728,-3.3021362485770416,0
clean,45,2.0,7,0.0020102,-2.696760731348004,0
clean,45,2.0,8,0.00291837,-2.534859647750466,0
clean,45,2.4,6,0.0115216,-1.938487206423174,0
clean,45,2.4,7,0.0285408,-1.544533857755494,0
clean,45,2.4,8,0.043949,-1.3570510022608067,0
clean,45,2.8,6,0.0250789,-1.600691516262645,0
clean,45,2.8,7,0.0469388,-1.3284680174225545,0
clean,45,2.8,8,0.0595714,-1.2249621933352648,0
clean,45,3.2,6,0.0471654,-1.3263764780479852,0
clean,45,3.2,7,0.068051,-1.167165488516621,0
clean,45,3.2,8,0.0752857,-1.1232875072105382,0
clean,45,3.6,6,0.121639,-0.9149271588688055,0
clean,45,3.6,7,0.168735,-0.7727948241667174,0
clean,45,3.6,8,0.173204,-0.761442082538833,0
clean,45,4.0,6,0.0857608,-1.0667111764157056,0
clean,45,4.0,7,0.106602,-0.9722346472717749,0
clean,45,4.0,8,0.113643,-0.9444573100929904,0
clean,50,0.4,6,0.0,-5.0,0
clean,50,0.4,7,7.14286e-05,-4.14612786196048,0
clean,50,0.4,8,3.06122e-05,-4.514105457938539,0
clean,50,0.8,6,0.000101781,-3.9923332864913306,0
clean,50,0.8,7,0.000214286,-3.6690062018996525,0
clean,50,0.8,8,0.000571429,-3.243037722965555,0
clean,50,1.2,6,0.000234097,-3.6306041518385914,0
clean,50,1.2,7,0.000306122,-3.51410545793854,0
clean,50,1.2,8,0.000785714,-3.104735508445308,0
clean,50,1.6,6,0.00252417,-2.59788139919982,0
clean,50,1.6,7,0.00947959,-2.023210445846339,0
clean,50,1.6,8,0.0185918,-1.7306785611574251,0
clean,50,2.0,6,0.000366412,-3.4360303116186985,0
clean,50,2.0,7,0.00214286,-2.6690062018996525,0
clean,50,2.0,8,0.00333673,-2.476678933966772,0
clean,50,2.4,6,0.0118473,-1.9263806141018283,0
clean,50,2.4,7,0.0285918,-1.54375850272316,0
clean,50,2.4,8,0.0367755,-1.4344414138889496,0
clean,50,2.8,6,0.024112,-1.6177667650294434,0
clean,50,2.8,7,0.0462041,-1.335319484868748,0
clean,50,2.8,8,0.0612245,-1.2130747529264436,0
clean,50,3.2,6,0.046402,-1.3334633002588099,0
clean,50,3.2,7,0.0685408,-1.1640508308434454,0
clean,50,3.2,8,0.0797143,-1.0984637632461327,0
clean,50,3.6,6,0.120458,-0.9191643518260268,0
clean,50,3.6,7,0.173582,-0.7604953120280585,0
clean,50,3.6,8,0.174592,-0.7579756600316715,0
clean,50,4.0,6,0.0854656,-1.068208654118649,0
clean,50,4.0,7,0.107388,-0.9690442458706501,0
clean,50,4.0,8,0.113306,-0.9457470919203858,0
clean,55,0.4,6,4.07125e-05,-4.3902722284270705,0
clean,55,0.4,7,5.10204e-05,-4.292256140843599,0
clean,55,0.4,8,0.000581633,-3.235350960967232,0
clean,55,0.8,6,0.000315522,-3.500970353866764,0
clean,55,0.8,7,0.000918367,-3.036983730320005,0
clean,55,0.8,8,0.00261224,-2.582986924683562,0
clean,55,1.2,6,0.000203562,-3.6913032908273498,0
clean,55,1.2,7,0.00072449,-3.139967604636963,0
clean,55,1.2,8,0.00303061,-2.5184699480750177,0
clean,55,1.6,6,0.00326718,-2.4858269381130857,0
clean,55,1.6,7,0.00971429,-2.012588935707556,0
clean,55,1.6,8,0.0165204,-1.7819794415380534,0
clean,55,2.0,6,0.000651399,-3.186152912481025,0
clean,55,2.0,7,0.00214286,-2.6690062018996525,0
clean,55,2.0,8,0.00467347,-2.330360540794156,0
clean,55,2.4,6,0.0113791,-1.9438920859629623,0
clean,55,2.4,7,0.0293061,-1.533041972799191,0
clean,55,2.4,8,0.0426531,-1.3700493991044738,0
clean,55,2.8,6,0.0243969,-1.6126653539245952,0
clean,55,2.8,7,0.0459388,-1.33782035350723,0
clean,55,2.8,8,0.056898,-1.2449029990571143,0
clean,55,3.2,6,0.0461374,-1.3359468831020627,0
clean,55,3.2,7,0.0702551,-1.1533221437152237,0
clean,55,3.2,8,0.0838469,-1.076512989560956,0
clean,55,3.6,6,0.121354,-0.915945904133881,0
clean,55,3.6,7,0.172765,-0.762544235505606,0
clean,55,3.6,8,0.173153,-0.7615699795857364,0
clean,55,4.0,6,0.0850076,-1.0705422449855506,0
clean,55,4.0,7,0.105337,-0.9774190545184905,0
clean,55,4.0,8,0.115235,-0.9384155938445793,0
pump,15,0.4,6,0.0,-5.0,1
pump,15,0.4,7,5.10204e-05,-4.292256140843599,1
pump,15,0.4,8,0.000438776,-3.3577571353193387,1
pump,15,0.8,6,8.14249e-05,-4.08924276613091,1
pump,15,0.8,7,0.000163265,-3.787106907339487,1
pump,15,0.8,8,0.00066417,-3.1777207450109,1
pump,15,1.2,6,0.000134627,-3.870867831827578,1
pump,15,1.2,7,0.000214286,-3.6690062018996525,1
pump,15,1.2,8,0.000857143,-3.0669467172482054,1
pump,15,1.6,6,0.00273791,-2.562580832003996,1
pump,15,1.6,7,0.009,-2.0457574905606752,1
pump,15,1.6,8,0.0139082,-1.8567290727866033,1
pump,15,2.0,6,0.0003257,-3.487182241435127,1
pump,15,2.0,7,0.00186735,-2.728774274004482,1
pump,15,2.0,8,0.00320408,-2.4942966489158875,1
pump,15,2.4,6,0.0106336,-1.973319680401383,1
pump,15,2.4,7,0.0286122,-1.5434487478876098,1
pump,15,2.4,8,0.0397143,-1.401053087875172,1
pump,15,2.8,6,0.0243155,-1.614116795599882,1
pump,15,2.8,7,0.0472245,-1.325832631572153,1
pump,15,2.8,8,0.0556429,-1.254590243504276,1
pump,15,3.2,6,0.0444987,-1.351652676458919,1
pump,15,3.2,7,0.0672347,-1.1724065285977316,1
pump,15,3.2,8,0.0817245,-1.0876477278036376,1
pump,15,3.6,6,0.121639,-0.9149271588688055,1
pump,15,3.6,7,0.169602,-0.7705690307123094,1
pump,15,3.6,8,0.169122,-0.771799894134166,1
pump,15,4.0,6,0.0834122,-1.0787704241202385,1
pump,15,4.0,7,0.105418,-0.9770852275177909,1
pump,15,4.0,8,0.112469,-0.9489671663010615,1
pump,20,0.4,6,3.05344e-05,-4.515210609457187,1
pump,20,0.4,7,1.16327e-05,-4.934319471943227,1
pump,20,0.4,8,0.000571429,-3.243037722965555,1
pump,20,0.8,6,0.000101781,-3.9923332864913306,1
pump,20,0.8,7,0.000755102,-3.1219943794368965,1
pump,20,0.8,8,0.000846939,-3.072147868202236,1
pump,20,1.2,6,0.000152672,-3.816240605121168,1
pump,20,1.2,7,0.000234694,-3.6294980130865357,1
pump,20,1.2,8,0.000867347,-3.0618071193221224,1
pump,20,1.6,6,0.00243257,-2.6139346535564973,1
pump,20,1.6,7,0.0092449,-2.0340977821449457,1
pump,20,1.6,8,0.0157143,-1.803704960043046,1
pump,20,2.0,6,0.000437659,-3.358864136292462,1
pump,20,2.0,7,0.00206122,-2.685875652234882,1
pump,20,2.0,8,0.00476531,-2.3219088417391536,1
pump,20,2.4,6,0.010972,-1.9597142010675082,1
pump,20,2.4,7,0.0266327,-1.5745848029316636,1
pump,20,2.4,8,0.0419082,-1.3777009921572136,1
pump,20,2.8,6,0.0228702,-1.6407300374694829,1
pump,20,2.8,7,0.0459184,-1.3380132530856295,1
pump,20,2.8,8,0.0567857,-1.2457610162782549,1
pump,20,3.2,6,0.0449466,-1.3473031550338903,1
pump,20,3.2,7,0.0652245,-1.185589241443123,1
pump,20,3.2,8,0.0811837,-1.0905311593138187,1
pump,20,3.6,6,0.121995,-0.9136579686441707,1
pump,20,3.6,7,0.172265,-0.7638029515184591,1
pump,20,3.6,8,0.174418,-0.7584086977447001,1
pump,20,4.0,6,0.0844478,-1.0734116600101489,1
pump,20,4.0,7,0.106418,-0.9729849073839125,1
pump,20,4.0,8,0.114449,-0.9413879976279637,1
pump,25,0.4,6,2.03562e-05,-4.691303290827349,1
pump,25,0.4,7,0.000142857,-3.845098474308956,1
pump,25,0.4,8,0.000561224,-3.250863765219055,1
pump,25,0.8,6,0.000122137,-3.9131527516026936,1
pump,25,0.8,7,0.000377551,-3.4230243751008778,1
pump,25,0.8,8,0.000705562,-3.151464817381221,1
pump,25,1.2,6,0.000133562,-3.874317086304845,1
pump,25,1.2,7,0.000959184,-3.0180980742478916,1
pump,25,1.2,8,0.00077551,-3.11041259769974,1
pump,25,1.6,6,0.00292112,-2.5344506017846284,1
pump,25,1.6,7,0.00821429,-2.08542996873626,1
pump,25,1.6,8,0.017551,-1.7556981337788231,1
pump,25,2.0,6,0.000529262,-3.276329286403115,1
pump,25,2.0,7,0.00143878,-2.8420056077940377,1
pump,25,2.0,8,0.00294898,-2.530328172825988,1
pump,25,2.4,6,0.0114911,-1.9396383959362578,1
pump,25,2.4,7,0.0274082,-1.5621194852826996,1
pump,25,2.4,8,0.0411531,-1.385597444481243,1
pump,25,2.8,6,0.0235115,-1.6287196626257245,1
pump,25,2.8,7,0.0458776,-1.3383993094721485,1
pump,25,2.8,8,0.0599388,-1.2222919560616303,1
pump,25,3.2,6,0.0442341,-1.3542428045858068,1
pump,25,3.2,7,0.0647041,-1.1890681992237235,1
pump,25,3.2,8,0.0798265,-1.0978529119917462,1
pump,25,3.6,6,0.126616,-0.8975114106484399,1
pump,25,3.6,7,0.179194,-0.746676536027218,1
pump,25,3.6,8,0.187847,-0.7261957364209292,1
pump,25,4.0,6,0.0850076,-1.0705422449855506,1
pump,25,4.0,7,0.109418,-0.9609112277499408,1
pump,25,4.0,8,0.118459,-0.9264319378804121,1
pump,30,0.4,6,4.07125e-05,-4.3902722284270705,1
pump,30,0.4,7,2.05182e-05,-4.6878607412383815,1
pump,30,0.4,8,0.000530612,-3.275222932501349,1
pump,30,0.8,6,0.000274809,-3.560969048226999,1
pump,30,0.8,7,0.000122449,-3.9120447572624624,1
pump,30,0.8,8,0.000742887,-3.1290772414327868,1
pump,30,1.2,6,0.000111959,-3.9509409892378637,1
pump,30,1.2,7,0.000214286,-3.6690062018996525,1
pump,30,1.2,8,0.00120408,-2.9193446572606425,1
pump,30,1.6,6,0.00238168,-2.623116590279776,1
pump,30,1.6,7,0.00823469,-2.084352745470972,1
pump,30,1.6,8,0.0162449,-1.7892829577312397,1
pump,30,2.0,6,0.000356234,-3.4482646325771356,1
pump,30,2.0,7,0.00221429,-2.654765501274814,1
pump,30,2.0,8,0.00352041,-2.4534067540308544,1
pump,30,2.4,6,0.0113588,-1.9446675472258739,1
pump,30,2.4,7,0.028551,-1.5443786759688785,1
pump,30,2.4,8,0.0432347,-1.364167550191229,1
pump,30,2.8,6,0.0230738,-1.6368808760844933,1
pump,30,2.8,7,0.0457857,-1.3392701416647403,1
pump,30,2.8,8,0.0609082,-1.2153242348709055,1
pump,30,3.2,6,0.0447226,-1.3494729561764265,1
pump,30,3.2,7,0.0667041,-1.1758474711411462,1
pump,30,3.2,8,0.0843265,-1.074035924838685,1
pump,30,3.6,6,0.127399,-0.8948339809189286,1
pump,30,3.6,7,0.179122,-0.7468510702546478,1
pump,30,3.6,8,0.186694,-0.728869639248368,1
pump,30,4.0,6,0.0858321,-1.0663502617351819,1
pump,30,4.0,7,0.108031,-0.9664516037991582,1
pump,30,4.0,8,0.121449,-0.9156060567853214,1
pump,35,0.4,6,2.03562e-05,-4.691303290827349,1
pump,35,0.4,7,3.06122e-05,-4.514105457938539,1
pump,35,0.4,8,0.000336735,-3.4727117410016213,1
pump,35,0.8,6,0.000234097,-3.6306041518385914,1
pump,35,0.8,7,0.000255102,-3.59328613650758,1
pump,35,0.8,8,0.000922144,-3.035201255169571,1
pump,35,1.2,6,0.000142494,-3.8462034221239003,1
pump,35,1.2,7,0.000244898,-3.611014761598481,1
pump,35,1.2,8,0.00122449,-2.9120447572624624,1
pump,35,1.6,6,0.00340967,-2.467287651539519,1
pump,35,1.6,7,0.00830612,-2.0806017988508256,1
pump,35,1.6,8,0.0142653,-1.8457190906753538,1
pump,35,2.0,6,0.000447837,-3.348880028148656,1
pump,35,2.0,7,0.00254082,-2.595026100701576,1
pump,35,2.0,8,0.00640816,-2.1932666532519063,1
pump,35,2.4,6,0.0115115,-1.9388680821670696,1
pump,35,2.4,7,0.0276224,-1.5587385900052397,1
pump,35,2.4,8,0.0384694,-1.4148845872497535,1
pump,35,2.8,6,0.0229618,-1.6389940701318038,1
pump,35,2.8,7,0.0471122,-1.3268666150240982,1
pump,35,2.8,8,0.0617143,-1.2096141926682262,1
pump,35,3.2,6,0.0459644,-1.3375784046082952,1
pump,35,3.2,7,0.0672959,-1.1720113943438748,1
pump,35,3.2,8,0.0879796,-1.0556180168782245,1
pump,35,3.6,6,0.129303,-0.888391398798405,1
pump,35,3.6,7,0.179878,-0.7450219498443256,1
pump,35,3.6,8,0.193765,-0.7127246673245137,1
pump,35,4.0,6,0.0864936,-1.0630160264948865,1
pump,35,4.0,7,0.111449,-0.9529238239664289,1
pump,35,4.0,8,0.121235,-0.9163719832017023,1
pump,40,0.4,6,1.01781e-05,-4.992333286491331,1
pump,40,0.4,7,0.000122449,-3.9120447572624624,1
pump,40,0.4,8,0.000540816,-3.2669504683073214,1
pump,40,0.8,6,0.000111959,-3.9509409892378637,1
pump,40,0.8,7,0.000642857,-3.1918856227488086,1
pump,40,0.8,8,0.000989796,-3.00445430560815,1
pump,40,1.2,6,0.000101781,-3.9923332864913306,1
pump,40,1.2,7,0.000367347,-3.4349235025427998,1
pump,40,1.2,8,0.00144898,-2.838937608972982,1
pump,40,1.6,6,0.00351145,-2.4545135111801146,1
pump,40,1.6,7,0.00978571,-2.009407658723836,1
pump,40,1.6,8,0.0165816,-1.7803735656045006,1
pump,40,2.0,6,0.000600509,-3.2214804793167837,1
pump,40,2.0,7,0.00289796,-2.5379076133090006,1
pump,40,2.0,8,0.00532653,-2.2735556226091416,1
pump,40,2.4,6,0.0118677,-1.9256334406153337,1
pump,40,2.4,7,0.0315204,-1.5014082798661594,1
pump,40,2.4,8,0.0469796,-1.328090685270893,1
pump,40,2.8,6,0.0253232,-1.5964814149844586,1
pump,40,2.8,7,0.0502245,-1.299084378090352,1
pump,40,2.8,8,0.0681939,-1.166254471601915,1
pump,40,3.2,6,0.0473588,-1.3245993105077052,1
pump,40,3.2,7,0.0738265,-1.131787720318118,1
pump,40,3.2,8,0.0922245,-1.0351536906452585,1
pump,40,3.6,6,0.137242,-0.8625129616838118,1
pump,40,3.6,7,0.198153,-0.702999348141384,1
pump,40,3.6,8,0.198061,-0.7032010325495734,1
pump,40,4.0,6,0.086341,-1.0637829256592868,1
pump,40,4.0,7,0.115449,-0.937609824516946,1
pump,40,4.0,8,0.128102,-0.8924440897542729,1
pump,45,0.4,6,4.07125e-05,-4.3902722284270705,1
pump,45,0.4,7,0.000153061,-3.815135453602521,1
pump,45,0.4,8,0.000336735,-3.4727117410016213,1
pump,45,0.8,6,0.000142494,-3.8462034221239003,1
pump,45,0.8,7,0.000142857,-3.845098474308956,1
pump,45,0.8,8,0.00126531,-2.8978030596298545,1
pump,45,1.2,6,0.000223919,-3.6499090540535573,1
pump,45,1.2,7,0.000285714,-3.5440684786449745,1
pump,45,1.2,8,0.00189796,-2.7217129446812933,1
pump,45,1.6,6,0.00332824,-2.4777853641969627,1
pump,45,1.6,7,0.0105102,-1.9783890196454066,1
pump,45,1.6,8,0.0223878,-1.6499885814903548,1
pump,45,2.0,6,0.000498728,-3.3021362485770416,1
pump,45,2.0,7,0.00276531,-2.5582561758447038,1
pump,45,2.0,8,0.0109286,-1.961435469451713,1
pump,45,2.4,6,0.0134148,-1.8724157977996354,1
pump,45,2.4,7,0.0342857,-1.4648869792587227,1
pump,45,2.4,8,0.0566837,-1.2465418091455114,1
pump,45,2.8,6,0.026626,-1.5746940723296812,1
pump,45,2.8,7,0.0555102,-1.255627207927734,1
pump,45,2.8,8,0.0775,-1.1106982974936896,1
pump,45,3.2,6,0.0510636,-1.2918885705536773,1
pump,45,3.2,7,0.0805612,-1.0938740733693237,1
pump,45,3.2,8,0.102459,-0.9894498871538145,1
pump,45,3.6,6,0.137415,-0.8619658578029314,1
pump,45,3.6,7,0.196592,-0.7064341590702411,1
pump,45,3.6,8,0.201551,-0.6956150427433561,1
pump,45,4.0,6,0.0925191,-1.0337686005764595,1
pump,45,4.0,7,0.114357,-0.9417372462882989,1
pump,45,4.0,8,0.139867,-0.8542847401791613,1
pump,50,0.4,6,5.08906e-05,-4.293362428766064,1
pump,50,0.4,7,0.000102041,-3.991225293963131,1
pump,50,0.4,8,0.000214286,-3.6690062018996525,1
pump,50,0.8,6,0.000284987,-3.545174950367045,1
pump,50,0.8,7,0.00072449,-3.139967604636963,1
pump,50,0.8,8,0.00297959,-2.5258434919599355,1
pump,50,1.2,6,0.000254453,-3.5943924244300454,1
pump,50,1.2,7,0.00123469,-2.908442069278212,1
pump,50,1.2,8,0.00353061,-2.452150253040806,1
pump,50,1.6,6,0.00338931,-2.4698887070161946,1
pump,50,1.6,7,0.0105306,-1.9775468833951795,1
pump,50,1.6,8,0.0217551,-1.6624389160785327,1
pump,50,2.0,6,0.000447837,-3.348880028148656,1
pump,50,2.0,7,0.00331633,-2.4793422603750157,1
pump,50,2.0,8,0.0122449,-1.9120447572624624,1
pump,50,2.4,6,0.0132316,-1.8783876366018775,1
pump,50,2.4,7,0.0355612,-1.4490235923422874,1
pump,50,2.4,8,0.0532245,-1.27388840970666,1
pump,50,2.8,6,0.0262799,-1.5803762916819226,1
pump,50,2.8,7,0.0561633,-1.2505473821872815,1
pump,50,2.8,8,0.0754082,-1.1225814257334263,1
pump,50,3.2,6,0.050687,-1.2951034125051775,1
pump,50,3.2,7,0.0800714,-1.0965225780501013,1
pump,50,3.2,8,0.100776,-0.9966428836504543,1
pump,50,3.6,6,0.137415,-0.8619658578029314,1
pump,50,3.6,7,0.203602,-0.6912179602021861,1
pump,50,3.6,8,0.200724,-0.6974006970470809,1
pump,50,4.0,6,0.0906158,-1.0427960710367157,1
pump,50,4.0,7,0.119378,-0.9230757013384617,1
pump,50,4.0,8,0.139949,-0.8540302004206378,1
pump,55,0.4,6,4.07125e-05,-4.3902722284270705,1
pump,55,0.4,7,0.000112245,-3.949832995721284,1
pump,55,0.4,8,0.000826531,-3.0827408530708027,1
pump,55,0.8,6,0.000193384,-3.7135794609622215,1
pump,55,0.8,7,0.00129592,-2.887421807594228,1
pump,55,0.8,8,0.00230612,-2.6371180977430186,1
pump,55,1.2,6,0.000335878,-3.473818441503689,1
pump,55,1.2,7,0.00218367,-2.660812992344431,1
pump,55,1.2,8,0.0107041,-1.970449842285022,1
pump,55,1.6,6,0.00469211,-2.3286318150064176,1
pump,55,1.6,7,0.0159694,-1.7967114008048017,1
pump,55,1.6,8,0.0420408,-1.3763290283174443,1
pump,55,2.0,6,0.00105852,-2.9753009318745356,1
pump,55,2.0,7,0.0057551,-2.2399471257143153,1
pump,55,2.0,8,0.0356224,-1.4482768240180888,1
pump,55,2.4,6,0.0189109,-1.7232878018935842,1
pump,55,2.4,7,0.0476531,-1.3219088417391536,1
pump,55,2.4,8,0.0900408,-1.045560655008234,1
pump,55,2.8,6,0.0390025,-1.4089075544758851,1
pump,55,2.8,7,0.0780816,-1.1074512959554583,1
pump,55,2.8,8,0.117673,-0.9293231743372344,1
pump,55,3.2,6,0.0667277,-1.1756938443463372,1
pump,55,3.2,7,0.100408,-0.9982316834316167,1
pump,55,3.2,8,0.142286,-0.8468378295141608,1
pump,55,3.6,6,0.153059,-0.8151411284291498,1
pump,55,3.6,7,0.215082,-0.6673959337677035,1
pump,55,3.6,8,0.232357,-0.633844239408137,1
pump,55,4.0,6,0.104153,-0.9823282162137721,1
pump,55,4.0,7,0.1465,-0.8341623753098718,1
pump,55,4.0,8,0.185316,-0.732087082506632,1
