split,held_out,model,MAE_log10,RMSE_log10,feas_acc,n
LODO,15cm,Mean,1.0571512740100821,1.2118079504148784,0.6833333333333333,60
LODO,15cm,Ridge(poly),0.26748321942790404,0.3333641613985385,0.9166666666666666,60
LODO,15cm,GBM,0.10418738946420468,0.13632543609782455,0.9833333333333333,60
LODO,15cm,MLP,0.2611284289774204,0.32731142999589363,0.9166666666666666,60
LODO,20cm,Mean,1.0314725479763907,1.183057863479182,0.6666666666666666,60
LODO,20cm,Ridge(poly),0.28087199109194577,0.3437287332194096,0.9,60
LODO,20cm,GBM,0.1163354371002223,0.17825358518759093,0.9666666666666667,60
LODO,20cm,MLP,0.26326573311757584,0.33837123290889004,0.9,60
LODO,25cm,Mean,1.0270607419768354,1.1716265236918049,0.7,60
LODO,25cm,Ridge(poly),0.2769895732205805,0.34478778657190323,0.9166666666666666,60
LODO,25cm,GBM,0.12928825584765824,0.19317076444696799,0.9666666666666667,60
LODO,25cm,MLP,0.2655291689910919,0.34230530390319175,0.9,60
LODO,30cm,Mean,1.0730252380666276,1.2257810573061618,0.6833333333333333,60
LODO,30cm,Ridge(poly),0.28862619733903705,0.3615665804602179,0.9333333333333333,60
LODO,30cm,GBM,0.13937014308018073,0.2052892674214325,0.9833333333333333,60
LODO,30cm,MLP,0.2765628445144612,0.36036142507635455,0.9166666666666666,60
LODO,35cm,Mean,1.005964390233227,1.1529620826941365,0.7166666666666667,60
LODO,35cm,Ridge(poly),0.26238843180198196,0.3254620704503497,0.9333333333333333,60
LODO,35cm,GBM,0.10709862204486113,0.1698432809433308,0.9833333333333333,60
LODO,35cm,MLP,0.25581340099338606,0.33802077842333067,0.9,60
LODO,40cm,Mean,1.009406455736493,1.1565265311023265,0.7166666666666667,60
LODO,40cm,Ridge(poly),0.24581385565371142,0.313159577960068,0.9333333333333333,60
LODO,40cm,GBM,0.10146035604102847,0.14896476902641462,0.9833333333333333,60
LODO,40cm,MLP,0.22751253995339957,0.3060952754136961,0.8833333333333333,60
LODO,45cm,Mean,1.0441640041133562,1.185768293635042,0.7166666666666667,60
LODO,45cm,Ridge(poly),0.2601053437983001,0.33497907062444,0.95,60
LODO,45cm,GBM,0.11508398201053952,0.17324407258054275,0.9833333333333333,60
LODO,45cm,MLP,0.2489341014360633,0.329162278438046,0.9,60
LODO,50cm,Mean,1.0282849382473984,1.1689803325938026,0.7166666666666667,60
LODO,50cm,Ridge(poly),0.26419363323950296,0.35095071855342486,0.9166666666666666,60
LODO,50cm,GBM,0.14585184753836178,0.24293151277053077,0.9666666666666667,60
LODO,50cm,MLP,0.262234433459952,0.3489177970064328,0.9,60
LODO,55cm,Mean,0.9671968573142586,1.0916545961515993,0.7833333333333333,60
LODO,55cm,Ridge(poly),0.2976466167184572,0.35801350502015766,0.9166666666666666,60
LODO,55cm,GBM,0.201312422644577,0.28043621276220637,0.9166666666666666,60
LODO,55cm,MLP,0.3199239551772158,0.40007166781093584,0.9,60
LOMO,clean,Mean,1.0277558427405762,1.1871049793178834,0.7037037037037037,270
LOMO,clean,Ridge(poly),0.29144909304032984,0.3661690382393248,0.9222222222222223,270
LOMO,clean,GBM,0.14243525374102553,0.21133217463164333,0.9703703703703703,270
LOMO,clean,MLP,0.28228078575859533,0.3871766743593212,0.9,270
LOMO,pump,Mean,1.026706666726502,1.1594323148359398,0.7148148148148148,270
LOMO,pump,Ridge(poly),0.28927298509425525,0.35318726800055333,0.9296296296296296,270
LOMO,pump,GBM,0.14225321660011567,0.20363942298172652,0.9666666666666667,270
LOMO,pump,MLP,0.2977097865983739,0.37317606503303147,0.9037037037037037,270
