protocol,suite,fold,seed,model,n_train,n_test,fit_s,MAE_gain_0.5s,MAE_delay_0.5s,MAE_gain_1.0s,MAE_delay_1.0s,MAE_gain_2.0s,MAE_delay_2.0s,RMSE_gain_0.5s,RMSE_delay_0.5s,RMSE_gain_1.0s,RMSE_delay_1.0s,RMSE_gain_2.0s,RMSE_delay_2.0s,ev_AUC,ev_precision,ev_recall_sens,ev_specificity,ev_F1,ev_accuracy,ev_event_rate,cov90,width90
A,main,yellow,0,Persistence,11364,1104,3.838539123535156e-05,0.19879692792892456,0.10235363990068436,0.2467242181301117,0.10473722964525223,0.2996632158756256,0.1051323339343071,0.2559884190559387,0.13287575542926788,0.3157552480697632,0.1367189735174179,0.3822095990180969,0.1347866952419281,0.5,0.0,0.0,1.0,0.0,0.9972826086956522,0.002717391304347826,,
A,main,yellow,0,AR(ridge),11364,1104,0.16038870811462402,0.37374645471572876,0.14327754080295563,0.5437964797019958,0.16266518831253052,0.691112220287323,0.15168051421642303,0.4727133810520172,0.17770732939243317,0.6830266714096069,0.199392631649971,0.872377872467041,0.18539969623088837,0.44686648501362397,0.01020408163265306,0.3333333333333333,0.9118982742960945,0.0198019801980198,0.9103260869565217,0.002717391304347826,,
A,main,yellow,0,GBM,11364,1104,14.249200344085693,0.2817827982528619,0.09108661514910663,0.44254883285392166,0.09727252358742323,0.7073525585015034,0.11360808704879874,0.3592589537473744,0.11899386332495447,0.5684142615472502,0.12651319720445783,0.9438616442100398,0.14091724989153942,0.20799273387829245,0.0,0.0,1.0,0.0,0.9972826086956522,0.002717391304347826,,
A,main,yellow,0,LSTM,11364,1104,21.83503293991089,0.19923578202724457,0.10381750017404556,0.24791985750198364,0.10608385503292084,0.2966488301753998,0.10428930819034576,0.25653380155563354,0.1344342678785324,0.31771615147590637,0.1386605054140091,0.3781670331954956,0.1333533078432083,0.5891613684529216,0.0,0.0,1.0,0.0,0.9972826086956522,0.002717391304347826,,
A,main,yellow,0,GRU,11364,1104,19.769931316375732,0.203974649310112,0.10371734201908112,0.2464103102684021,0.10534367710351944,0.2934408187866211,0.10570497065782547,0.2620043158531189,0.1344221830368042,0.3150537312030792,0.1377817839384079,0.37333622574806213,0.13519105315208435,0.4047835301241296,0.0,0.0,1.0,0.0,0.9972826086956522,0.002717391304347826,,
A,main,yellow,0,TCN,11364,1104,26.266782999038696,0.20304559171199799,0.10557274520397186,0.24917273223400116,0.10303139686584473,0.30716460943222046,0.10564680397510529,0.259559690952301,0.13583841919898987,0.31697219610214233,0.13516366481781006,0.3919233977794647,0.13529786467552185,0.5013623978201635,0.0,0.0,1.0,0.0,0.9972826086956522,0.002717391304347826,,
A,main,yellow,0,Transformer,11364,1104,95.72728943824768,0.2012600302696228,0.10309618711471558,0.24085724353790283,0.11068343371152878,0.3082228899002075,0.11149081587791443,0.2582021951675415,0.13410170376300812,0.3075203597545624,0.14523838460445404,0.3942858874797821,0.1426684409379959,0.6397214653345443,0.0,0.0,1.0,0.0,0.9972826086956522,0.002717391304347826,,
A,main,yellow,0,PCT (proposed),11364,1104,44.05699324607849,0.19930648803710938,0.09715569764375687,0.24253402650356293,0.0985204428434372,0.28493109345436096,0.09460066258907318,0.25572386384010315,0.12501762807369232,0.31238916516304016,0.12891018390655518,0.3663333058357239,0.12154334038496017,0.5909778988798062,0.0,0.0,1.0,0.0,0.9972826086956522,0.002717391304347826,0.7483393719806763,0.4803941547870636
A,main,yellow,1,Persistence,11364,1104,0.0002644062042236328,0.19879692792892456,0.10235363990068436,0.2467242181301117,0.10473722964525223,0.2996632158756256,0.1051323339343071,0.2559884190559387,0.13287575542926788,0.3157552480697632,0.1367189735174179,0.3822095990180969,0.1347866952419281,0.5,0.0,0.0,1.0,0.0,0.9972826086956522,0.002717391304347826,,
A,main,yellow,1,AR(ridge),11364,1104,0.15710735321044922,0.37374645471572876,0.14327754080295563,0.5437964797019958,0.16266518831253052,0.691112220287323,0.15168051421642303,0.4727133810520172,0.17770732939243317,0.6830266714096069,0.199392631649971,0.872377872467041,0.18539969623088837,0.44686648501362397,0.01020408163265306,0.3333333333333333,0.9118982742960945,0.0198019801980198,0.9103260869565217,0.002717391304347826,,
A,main,yellow,1,GBM,11364,1104,13.68642544746399,0.2702866806927665,0.09165976048784649,0.46275500177235174,0.09844550721784363,0.7058735252879047,0.10684762590065543,0.3455522695179197,0.11908697524820135,0.5844196393765607,0.12790796775618535,0.897443599507146,0.1339490539522286,0.12957917045110504,0.0,0.0,1.0,0.0,0.9972826086956522,0.002717391304347826,,
A,main,yellow,1,LSTM,11364,1104,20.685855627059937,0.19949980080127716,0.10290360450744629,0.24599133431911469,0.10397735983133316,0.29688912630081177,0.1055731326341629,0.25661933422088623,0.13343913853168488,0.3140110969543457,0.1356533020734787,0.3781750798225403,0.13563860952854156,0.3048743566454738,0.0,0.0,1.0,0.0,0.9972826086956522,0.002717391304347826,,
A,main,yellow,1,GRU,11364,1104,18.717899084091187,0.20404809713363647,0.10223477333784103,0.24834030866622925,0.10533111542463303,0.2960933744907379,0.10559888184070587,0.26285725831985474,0.1329273283481598,0.3184029459953308,0.1375730186700821,0.3769153654575348,0.13571391999721527,0.5973357553739025,0.0,0.0,1.0,0.0,0.9972826086956522,0.002717391304347826,,
A,main,yellow,1,TCN,11364,1104,24.15968680381775,0.20568999648094177,0.1049998477101326,0.25228503346443176,0.101918525993824,0.2941417992115021,0.10110703110694885,0.26317813992500305,0.1362713873386383,0.322480708360672,0.13294529914855957,0.3737996220588684,0.12888702750205994,0.534665455646382,0.0,0.0,1.0,0.0,0.9972826086956522,0.002717391304347826,,
A,main,yellow,1,Transformer,11364,1104,102.0995888710022,0.19667641818523407,0.10596779733896255,0.24408940970897675,0.11577363312244415,0.2883625030517578,0.1074555292725563,0.2520221769809723,0.1378372758626938,0.31231218576431274,0.15114620327949524,0.36666056513786316,0.13762088119983673,0.49288525582803516,0.0,0.0,1.0,0.0,0.9972826086956522,0.002717391304347826,,
A,main,yellow,1,PCT (proposed),11364,1104,41.96615171432495,0.2018335610628128,0.10353618115186691,0.2455967366695404,0.0977959856390953,0.288502961397171,0.09621000289916992,0.25967296957969666,0.13330256938934326,0.3156704902648926,0.12756690382957458,0.373315691947937,0.12303353101015091,0.5110505600968817,0.0,0.0,1.0,0.0,0.9972826086956522,0.002717391304347826,0.6819142512077294,0.41205599904060364
A,main,yellow,2,Persistence,11364,1104,0.0003211498260498047,0.19879692792892456,0.10235363990068436,0.2467242181301117,0.10473722964525223,0.2996632158756256,0.1051323339343071,0.2559884190559387,0.13287575542926788,0.3157552480697632,0.1367189735174179,0.3822095990180969,0.1347866952419281,0.5,0.0,0.0,1.0,0.0,0.9972826086956522,0.002717391304347826,,
A,main,yellow,2,AR(ridge),11364,1104,0.15653753280639648,0.37374645471572876,0.14327754080295563,0.5437964797019958,0.16266518831253052,0.691112220287323,0.15168051421642303,0.4727133810520172,0.17770732939243317,0.6830266714096069,0.199392631649971,0.872377872467041,0.18539969623088837,0.44686648501362397,0.01020408163265306,0.3333333333333333,0.9118982742960945,0.0198019801980198,0.9103260869565217,0.002717391304347826,,
A,main,yellow,2,GBM,11364,1104,13.663207054138184,0.28629694686756996,0.08929892407572422,0.3967673423291488,0.09819982860191044,0.7570286008367145,0.1139654914512217,0.3671927227404326,0.11637145447904465,0.5072796981263102,0.12755912440877362,1.0133027069649696,0.1405523151341789,0.35270965788676956,0.0,0.0,0.9981834695731153,0.0,0.9954710144927537,0.002717391304347826,,
A,main,yellow,2,LSTM,11364,1104,20.922853708267212,0.19845332205295563,0.10243802517652512,0.24667109549045563,0.10460903495550156,0.30085325241088867,0.10476905852556229,0.255071759223938,0.13312488794326782,0.31524500250816345,0.1365932673215866,0.3839050233364105,0.13409677147865295,0.37965485921889186,0.0,0.0,1.0,0.0,0.9972826086956522,0.002717391304347826,,
A,main,yellow,2,GRU,11364,1104,19.12663245201111,0.19847071170806885,0.10158679634332657,0.24683932960033417,0.10423283278942108,0.30327108502388,0.10555876791477203,0.2551475465297699,0.13204729557037354,0.3151015341281891,0.13629384338855743,0.3873103857040405,0.13482579588890076,0.09960641840750831,0.0,0.0,1.0,0.0,0.9972826086956522,0.002717391304347826,,
A,main,yellow,2,TCN,11364,1104,24.606557846069336,0.2042500376701355,0.1039595827460289,0.26428553462028503,0.10507994145154953,0.30309271812438965,0.10353115946054459,0.2612217664718628,0.13454975187778473,0.3399401307106018,0.13710521161556244,0.3897411823272705,0.13217444717884064,0.7435664547381169,0.0,0.0,1.0,0.0,0.9972826086956522,0.002717391304347826,,
A,main,yellow,2,Transformer,11364,1104,102.9840202331543,0.2017991691827774,0.11164894700050354,0.24790427088737488,0.10958530753850937,0.30719080567359924,0.11230816692113876,0.2585791349411011,0.14507520198822021,0.31830474734306335,0.1427428424358368,0.39030444622039795,0.14199413359165192,0.7544656372994247,0.0,0.0,1.0,0.0,0.9972826086956522,0.002717391304347826,,
A,main,yellow,2,PCT (proposed),11364,1104,43.97368049621582,0.20171287655830383,0.09701360017061234,0.2393663376569748,0.09950130432844162,0.29239794611930847,0.10234037041664124,0.25956282019615173,0.12589921057224274,0.30691730976104736,0.1294596940279007,0.3818347156047821,0.131569966673851,0.6042991220102936,0.0,0.0,1.0,0.0,0.9972826086956522,0.002717391304347826,0.726147342995169,0.4559173583984375
