protocol,suite,fold,seed,model,n_train,n_test,MAE_gain_0.5s,MAE_delay_0.5s,MAE_gain_1.0s,MAE_delay_1.0s,MAE_gain_2.0s,MAE_delay_2.0s,RMSE_gain_0.5s,RMSE_delay_0.5s,RMSE_gain_1.0s,RMSE_delay_1.0s,RMSE_gain_2.0s,RMSE_delay_2.0s,ev_AUC,ev_precision,ev_recall_sens,ev_specificity,ev_F1,ev_accuracy,ev_event_rate,cov90,width90
B,final,within,0,PCT-v2 (single),7356,2262,0.372612863779068,0.14577727019786835,0.591546893119812,0.19100889563560486,0.7747927904129028,0.21202750504016876,0.5195233821868896,0.23870530724525452,0.7958246469497681,0.3057255744934082,1.0276477336883545,0.3266160488128662,0.7430947833878236,0.574468085106383,0.15384615384615385,0.9790685504971219,0.24269662921348317,0.8510167992926614,0.15517241379310345,0.8975832596522252,1.5720552206039429
B,final,within,0,PCT-E (ensemble x3),7356,2262,0.37227603793144226,0.1442824751138687,0.5837108492851257,0.1880999207496643,0.7630698680877686,0.20927421748638153,0.518314003944397,0.23763640224933624,0.7851914167404175,0.30305764079093933,1.0173486471176147,0.3203142583370209,0.742161515055288,0.5858585858585859,0.16524216524216523,0.97854526425955,0.2577777777777778,0.852343059239611,0.15517241379310345,0.9084880636604774,1.6036865711212158
B,final,within,0,GBM,7356,2262,0.36255523317774324,0.14030397543244558,0.571195463443232,0.1851359734816043,0.7715618047994433,0.21611486457905615,0.5073327468443095,0.2279076536183579,0.7735525716618188,0.29412692646762045,1.0307487549239127,0.3250547278234871,0.758223868113978,0.6206896551724138,0.20512820512820512,0.9769754055468342,0.3083511777301927,0.8572060123784262,0.15517241379310345,,
B,final,within,0,LSTM,7356,2262,0.3878055810928345,0.15485724806785583,0.6014766693115234,0.203603595495224,0.8115400671958923,0.23209749162197113,0.5388315320014954,0.24927915632724762,0.8094189167022705,0.31350386142730713,1.071837067604065,0.3424093723297119,0.731976068972406,0.5,0.27635327635327633,0.9492412349555207,0.35596330275229354,0.8448275862068966,0.15517241379310345,,
B,final,within,0,GRU,7356,2262,0.37674248218536377,0.14918525516986847,0.5879054069519043,0.19889405369758606,0.7951682806015015,0.22857671976089478,0.5259915590286255,0.2453823983669281,0.8006353974342346,0.31572863459587097,1.0682507753372192,0.3436492681503296,0.7437283920800404,0.5420560747663551,0.16524216524216523,0.9743589743589743,0.25327510917030566,0.8488063660477454,0.15517241379310345,,
B,final,within,0,TCN,7356,2262,0.37171632051467896,0.15053729712963104,0.5809205174446106,0.19523727893829346,0.7903633117675781,0.22003883123397827,0.5270326137542725,0.24579358100891113,0.7965749502182007,0.30837538838386536,1.0611143112182617,0.33308303356170654,0.7379349723672068,0.564935064935065,0.24786324786324787,0.9649398220826793,0.3445544554455445,0.8536693191865605,0.15517241379310345,,
B,final,within,0,Transformer,7356,2262,0.4028322398662567,0.15005438029766083,0.6062027812004089,0.19620190560817719,0.7743068933486938,0.21897776424884796,0.5616998076438904,0.24679233133792877,0.8166100382804871,0.3088926374912262,1.0485259294509888,0.32920709252357483,0.7107464506731906,0.47878787878787876,0.22507122507122507,0.9549973835688121,0.3062015503875969,0.8417329796640142,0.15517241379310345,,
B,final,within,0,Persistence,7356,2262,0.4301062822341919,0.1617008000612259,0.6631039381027222,0.21278110146522522,0.8887388706207275,0.25204697251319885,0.6078745126724243,0.27159228920936584,0.9249448180198669,0.3535400629043579,1.2281566858291626,0.3977595567703247,0.5,0.0,0.0,1.0,0.0,0.8448275862068966,0.15517241379310345,,
B,final,within,0,PCT-v2 (single) + shrink,7356,2262,0.3733366602806044,0.1455098206723927,0.5915469188187927,0.1908417646273152,0.7723247400861124,0.21156562499658582,0.5227188644066166,0.23974721450525482,0.795824646353636,0.3065477183460537,1.0270405544812016,0.32527026889766464,0.7430947833878236,0.574468085106383,0.15384615384615385,0.9790685504971219,0.24269662921348317,0.8510167992926614,0.15517241379310345,0.9002357795461243,1.5720552206039429
B,final,within,0,PCT-E (ensemble x3) + shrink,7356,2262,0.372526310679507,0.1444373444229488,0.5829886780847168,0.1880999264532283,0.7614352707811015,0.2097097926449665,0.5195594495287136,0.23669171626387267,0.7858775998925237,0.30305763584811773,1.0170535752097918,0.32125532488037317,0.742161515055288,0.6235294117647059,0.150997150997151,0.9832548403976975,0.24311926605504586,0.8541114058355438,0.15517241379310345,0.9098143236074271,1.6036865711212158
B,final,within,0,GBM + shrink,7356,2262,0.36247115369660615,0.14146642897721423,0.5725334933796566,0.18442498316674077,0.7704935904540715,0.21584992984848164,0.5065344404417179,0.22876328767254528,0.7736354646939351,0.29368699762644807,1.0298885456286935,0.32579438611549905,0.758223868113978,0.5753424657534246,0.23931623931623933,0.967556253270539,0.33802816901408456,0.8545534924845269,0.15517241379310345,,
B,final,within,1,PCT-v2 (single),7356,2262,0.3688731789588928,0.1450539380311966,0.5867435336112976,0.18663358688354492,0.7758625149726868,0.21074312925338745,0.5155467391014099,0.23661285638809204,0.7874540686607361,0.29745370149612427,1.023740530014038,0.32070982456207275,0.7399461208985019,0.6138613861386139,0.17663817663817663,0.9795918367346939,0.2743362831858407,0.8549955791335102,0.15517241379310345,0.8932360742705571,1.541288137435913
B,final,within,1,PCT-E (ensemble x3),7356,2262,0.3652162551879883,0.14385583996772766,0.5771386027336121,0.18522651493549347,0.7549996972084045,0.20764249563217163,0.5107975006103516,0.2376127988100052,0.7763579487800598,0.2975366711616516,1.0039323568344116,0.3179642856121063,0.7522768914710305,0.6198347107438017,0.21367521367521367,0.9759288330716902,0.3177966101694915,0.8576480990274093,0.15517241379310345,0.8983937518420277,1.5302938222885132
B,final,within,1,GBM,7356,2262,0.36255523317774324,0.14030397543244558,0.571195463443232,0.1851359734816043,0.7715618047994433,0.21611486457905615,0.5073327468443095,0.2279076536183579,0.7735525716618188,0.29412692646762045,1.0307487549239127,0.3250547278234871,0.758223868113978,0.6206896551724138,0.20512820512820512,0.9769754055468342,0.3083511777301927,0.8572060123784262,0.15517241379310345,,
B,final,within,1,PCT-v2 (single) + shrink,7356,2262,0.36939733171909145,0.14488789862087292,0.584205478587626,0.18663358903483152,0.775094739268602,0.2121139449222978,0.5166114207466649,0.23709443499953972,0.7877251943252834,0.29745371198427856,1.0282598371853267,0.32457185234853064,0.7399461208985019,0.6455696202531646,0.1452991452991453,0.9853479853479854,0.2372093023255814,0.8549955791335102,0.15517241379310345,0.8962569997052756,1.541288137435913
B,final,within,1,PCT-E (ensemble x3) + shrink,7356,2262,0.36553359995783524,0.14413356772728025,0.5758473253489458,0.18522651398536802,0.7535082903365324,0.208111687167248,0.5113042283701342,0.23709611301539593,0.7764670859397694,0.29753665691216086,1.003830756759262,0.3197999781975826,0.7522768914710305,0.6481481481481481,0.19943019943019943,0.9801151229722659,0.30501089324618735,0.8589743589743589,0.15517241379310345,0.8991305629236663,1.5302938222885132
B,final,within,1,GBM + shrink,7356,2262,0.36247115369660615,0.14146642897721423,0.5725334933796566,0.18442498316674077,0.7704935904540715,0.21584992984848164,0.5065344404417179,0.22876328767254528,0.7736354646939351,0.29368699762644807,1.0298885456286935,0.32579438611549905,0.758223868113978,0.5753424657534246,0.23931623931623933,0.967556253270539,0.33802816901408456,0.8545534924845269,0.15517241379310345,,
B,final,within,2,PCT-v2 (single),7356,2262,0.3746148645877838,0.14398209750652313,0.5902792811393738,0.18695953488349915,0.7765254378318787,0.21413181722164154,0.5230857133865356,0.236990287899971,0.7943354249000549,0.29709097743034363,1.0262898206710815,0.32445308566093445,0.7466429920642376,0.5625,0.20512820512820512,0.9706959706959707,0.30062630480167013,0.8519009725906278,0.15517241379310345,0.8834364868847627,1.490435004234314
B,final,within,2,PCT-E (ensemble x3),7356,2262,0.3688230812549591,0.14469090104103088,0.5810766816139221,0.18621259927749634,0.7626813054084778,0.2081862837076187,0.5164666175842285,0.23817797005176544,0.7833677530288696,0.29896485805511475,1.0126972198486328,0.32003045082092285,0.7488181334335181,0.5897435897435898,0.19658119658119658,0.9748822605965463,0.2948717948717949,0.8541114058355438,0.15517241379310345,0.8975095785440613,1.5289855003356934
B,final,within,2,GBM,7356,2262,0.36255523317774324,0.14030397543244558,0.571195463443232,0.1851359734816043,0.7715618047994433,0.21611486457905615,0.5073327468443095,0.2279076536183579,0.7735525716618188,0.29412692646762045,1.0307487549239127,0.3250547278234871,0.758223868113978,0.6206896551724138,0.20512820512820512,0.9769754055468342,0.3083511777301927,0.8572060123784262,0.15517241379310345,,
B,final,within,2,PCT-v2 (single) + shrink,7356,2262,0.37509854571006185,0.14395506055037496,0.5860351110643773,0.18634868323023276,0.7717031701704639,0.21335024293397128,0.5244310513764591,0.23733404454542592,0.794060345227859,0.2978303218343564,1.025704971677655,0.32563641189882664,0.7466429920642376,0.6233766233766234,0.13675213675213677,0.9848246991104134,0.22429906542056077,0.8532272325375774,0.15517241379310345,0.8879310344827587,1.490435004234314
B,final,within,2,PCT-E (ensemble x3) + shrink,7356,2262,0.37045377036632443,0.14483906286292367,0.5800364690191179,0.18639497766129862,0.7616375176477737,0.2082501304623806,0.5191807270387322,0.2377568083955792,0.7836350412560124,0.2985608094315666,1.0127637318394727,0.32076421815213774,0.7488181334335181,0.6274509803921569,0.18233618233618235,0.9801151229722659,0.282560706401766,0.8563218390804598,0.15517241379310345,0.8975095785440613,1.5289855003356934
B,final,within,2,GBM + shrink,7356,2262,0.36247115369660615,0.14146642897721423,0.5725334933796566,0.18442498316674077,0.7704935904540715,0.21584992984848164,0.5065344404417179,0.22876328767254528,0.7736354646939351,0.29368699762644807,1.0298885456286935,0.32579438611549905,0.758223868113978,0.5753424657534246,0.23931623931623933,0.967556253270539,0.33802816901408456,0.8545534924845269,0.15517241379310345,,
