protocol,suite,fold,seed,model,n_train,n_test,MAE_gain_0.5s,MAE_delay_0.5s,MAE_gain_1.0s,MAE_delay_1.0s,MAE_gain_2.0s,MAE_delay_2.0s,RMSE_gain_0.5s,RMSE_delay_0.5s,RMSE_gain_1.0s,RMSE_delay_1.0s,RMSE_gain_2.0s,RMSE_delay_2.0s,cov90,width90,ev_AUC,ev_precision,ev_recall_sens,ev_specificity,ev_F1,ev_accuracy,ev_event_rate
A,final,black,0,PCT-v2 (single),5520,738,0.05534883961081505,0.016585221514105797,0.050916366279125214,0.01633581519126892,0.04824206233024597,0.01252725813537836,0.0704411193728447,0.020945433527231216,0.06412150710821152,0.020184047520160675,0.06051548942923546,0.015588232316076756,1.0,0.562936544418335,,,,,,,
A,final,black,0,PCT-E (ensemble x3),5520,738,0.06922925263643265,0.029452932998538017,0.09059900045394897,0.032286886125802994,0.09074703603982925,0.03145575523376465,0.08496522158384323,0.034194882959127426,0.1072845533490181,0.03533850982785225,0.10715174674987793,0.03428797423839569,1.0,0.49016374349594116,,,,,,,
A,final,black,0,GBM,5520,738,0.05394692716340115,0.022513933605820872,0.0784511626674347,0.012238429118488183,0.16146499208545634,0.01667713233941393,0.06912445762451441,0.025203199051994928,0.09851409092110398,0.01571243497478298,0.17684280386505144,0.021312552395985725,,,,,,,,,
A,final,black,0,LSTM,5520,738,0.047620970755815506,0.03010164387524128,0.05661475285887718,0.034682027995586395,0.07608301192522049,0.0513465590775013,0.06054488196969032,0.030429746955633163,0.07119372487068176,0.03523053601384163,0.09267140179872513,0.05183374881744385,,,,,,,,,
A,final,black,0,GRU,5520,738,0.06532213091850281,0.038218747824430466,0.10898742079734802,0.05731311812996864,0.11702007055282593,0.06032327562570572,0.07827552407979965,0.03889871761202812,0.12274599820375443,0.057620227336883545,0.132876917719841,0.06066371500492096,,,,,,,,,
A,final,black,0,TCN,5520,738,0.1312456578016281,0.10693426430225372,0.22173629701137543,0.12158899754285812,0.2736978232860565,0.16352549195289612,0.14913234114646912,0.1094406247138977,0.23877792060375214,0.12390391528606415,0.2883860170841217,0.16528037190437317,,,,,,,,,
A,final,black,0,Transformer,5520,738,0.08964093029499054,0.07122545689344406,0.1660182774066925,0.091722771525383,0.18473298847675323,0.09842202067375183,0.10289153456687927,0.07158704847097397,0.17755234241485596,0.09195054322481155,0.1982458084821701,0.09877809137105942,,,,,,,,,
A,final,black,0,Persistence,5520,738,0.03671042621135712,0.0027477669063955545,0.04234764352440834,0.003117429558187723,0.049401238560676575,0.003171725431457162,0.05144822224974632,0.00418679416179657,0.05538201332092285,0.004844303242862225,0.061657924205064774,0.004530688282102346,,,,,,,,,
A,final,black,0,PCT-v2 (single) + shrink,5520,738,0.055348836179572126,0.004285840200273256,0.04735811101598345,0.005719647091472013,0.048127945591100084,0.0068517295549850865,0.07044111755246649,0.00568040585494526,0.060189981869707365,0.0073544713138388364,0.06033157843831575,0.008530752259408306,1.0,0.562936544418335,,,,,,,
A,final,black,0,PCT-E (ensemble x3) + shrink,5520,738,0.0692292471496465,0.007853101777164603,0.07050211763824049,0.011569155262979641,0.0841872285722271,0.015859570696433976,0.08496521585397154,0.009303209692763489,0.08616587197620285,0.012989234195500663,0.1005672806368008,0.01744902673104657,1.0,0.49016374349594116,,,,,,,
A,final,black,0,GBM + shrink,5520,738,0.04792611335222581,0.007247446301862645,0.05441560480413341,0.004832167006424082,0.12450865593382104,0.007257512349425593,0.06288147377723298,0.00843524640704018,0.06997686316356215,0.006356468834130291,0.14105156540310923,0.009272459512186847,,,,,,,,,
A,final,black,1,PCT-v2 (single),5520,738,0.06686479598283768,0.030465105548501015,0.10897088795900345,0.04915257543325424,0.11959181725978851,0.040174420922994614,0.08304497599601746,0.03553038835525513,0.12631085515022278,0.05154302716255188,0.13618260622024536,0.04362528398633003,0.9995483288166215,0.4721389710903168,,,,,,,
A,final,black,1,PCT-E (ensemble x3),5520,738,0.062230873852968216,0.025910522788763046,0.087302066385746,0.03414628654718399,0.09597083926200867,0.03454099968075752,0.077755868434906,0.0301732886582613,0.10491251200437546,0.037474069744348526,0.11266198009252548,0.03724280744791031,0.9984191508581752,0.3984335958957672,,,,,,,
A,final,black,1,GBM,5520,738,0.05394692716340115,0.022513933605820872,0.0784511626674347,0.012238429118488183,0.16146499208545634,0.01667713233941393,0.06912445762451441,0.025203199051994928,0.09851409092110398,0.01571243497478298,0.17684280386505144,0.021312552395985725,,,,,,,,,
A,final,black,1,PCT-v2 (single) + shrink,5520,738,0.05556912264037493,0.008104393060847708,0.07344301178043088,0.014874282907535624,0.10930901446364995,0.018199350494124227,0.07018907365247576,0.009615430209237252,0.08954518450192755,0.015964813629688324,0.12617225095114143,0.019942998275115316,0.9997741644083108,0.4721389710903168,,,,,,,
A,final,black,1,PCT-E (ensemble x3) + shrink,5520,738,0.05423000266707765,0.007053038351925007,0.06578637702807118,0.01217985085307885,0.08864816887068393,0.017381797826273335,0.06867890497490824,0.008424131963538353,0.0814427882851251,0.013701632428205433,0.10539928960440235,0.018901405600681292,0.9988708220415538,0.3984335958957672,,,,,,,
A,final,black,1,GBM + shrink,5520,738,0.04792611335222581,0.007247446301862645,0.05441560480413341,0.004832167006424082,0.12450865593382104,0.007257512349425593,0.06288147377723298,0.00843524640704018,0.06997686316356215,0.006356468834130291,0.14105156540310923,0.009272459512186847,,,,,,,,,
A,final,black,2,PCT-v2 (single),5520,738,0.05950380861759186,0.0201059952378273,0.059423770755529404,0.01899978704750538,0.07030321657657623,0.01248887274414301,0.07503261417150497,0.02479095384478569,0.07419910281896591,0.02340123802423477,0.08629456907510757,0.014951941557228565,0.9997741644083108,0.4373204708099365,,,,,,,
A,final,black,2,PCT-E (ensemble x3),5520,738,0.04933645576238632,0.013493737205862999,0.05249611288309097,0.015545989386737347,0.0526421032845974,0.012239598669111729,0.06384201347827911,0.017474500462412834,0.06490583717823029,0.019274627789855003,0.06580330431461334,0.015071388334035873,0.9997741644083108,0.4476677179336548,,,,,,,
A,final,black,2,GBM,5520,738,0.05394692716340115,0.022513933605820872,0.0784511626674347,0.012238429118488183,0.16146499208545634,0.01667713233941393,0.06912445762451441,0.025203199051994928,0.09851409092110398,0.01571243497478298,0.17684280386505144,0.021312552395985725,,,,,,,,,
A,final,black,2,PCT-v2 (single) + shrink,5520,738,0.05378137674001066,0.004863741001546458,0.05230154463061072,0.007276386059838257,0.0739643051055779,0.006713173707033107,0.0684608261535527,0.0062167460070747475,0.06597757816894326,0.009081738722568022,0.09030302019084431,0.008183721695829677,0.9997741644083108,0.4373204708099365,,,,,,,
A,final,black,2,PCT-E (ensemble x3) + shrink,5520,738,0.046946184871566515,0.0038279989693625893,0.04728673476928096,0.005565508210064794,0.05357853522308503,0.006683883855631925,0.06133363169323067,0.005196931189886699,0.05963520620798497,0.007200871363742592,0.06699009363409711,0.008301929620322702,0.9997741644083108,0.4476677179336548,,,,,,,
A,final,black,2,GBM + shrink,5520,738,0.04792611335222581,0.007247446301862645,0.05441560480413341,0.004832167006424082,0.12450865593382104,0.007257512349425593,0.06288147377723298,0.00843524640704018,0.06997686316356215,0.006356468834130291,0.14105156540310923,0.009272459512186847,,,,,,,,,
A,final,blue,0,PCT-v2 (single),3894,6948,0.4113542437553406,0.1021929681301117,0.6666108965873718,0.13107745349407196,0.894834578037262,0.1596030443906784,0.566058337688446,0.13091343641281128,0.9018410444259644,0.16833031177520752,1.1973414421081543,0.2043422907590866,0.21308290155440415,0.22193671762943268,0.6511166951477778,0.4539877300613497,0.10292072322670376,0.9676950998185118,0.1678004535147392,0.7887161773172136,0.20696603339090386
A,final,blue,0,PCT-E (ensemble x3),3894,6948,0.4043443202972412,0.09620221704244614,0.6726012229919434,0.12731218338012695,0.899606466293335,0.15749716758728027,0.5582417249679565,0.12398692220449448,0.9085924625396729,0.16373106837272644,1.2009356021881104,0.2014148086309433,0.1882316254077912,0.16658085584640503,0.6477016121907568,0.4851063829787234,0.07927677329624479,0.9780399274047187,0.1362821279139271,0.7920264824409902,0.20696603339090386
A,final,blue,0,GBM,3894,6948,0.39495958544164256,0.098250657618776,0.6605254946675235,0.12703044781842815,0.8945084550206237,0.16045769155462017,0.5501285050855119,0.12503890688906685,0.9055294716038551,0.16313048623906404,1.1939121589501909,0.20471842226029807,,,0.6580749629577277,0.4046434494195688,0.16968011126564672,0.9348457350272232,0.23909848113669768,0.776482440990213,0.20696603339090386
A,final,blue,0,LSTM,3894,6948,0.40515023469924927,0.07899051904678345,0.6750489473342896,0.11645184457302094,0.9612835645675659,0.1586003452539444,0.5675826668739319,0.10501901060342789,0.9284740686416626,0.1539435237646103,1.3023720979690552,0.20533058047294617,,,0.5172054729168613,0.0,0.0,1.0,0.0,0.7930339666090962,0.20696603339090386
A,final,blue,0,GRU,3894,6948,0.41642850637435913,0.08103100955486298,0.6798499822616577,0.11931977421045303,0.9620267748832703,0.16352277994155884,0.5777754187583923,0.10756079852581024,0.929408073425293,0.1573268622159958,1.302564024925232,0.21161197125911713,,,0.4969506700423304,0.0,0.0,1.0,0.0,0.7930339666090962,0.20696603339090386
A,final,blue,0,TCN,3894,6948,0.40995821356773376,0.08263297379016876,0.6845008730888367,0.1195911392569542,0.9658010601997375,0.15772666037082672,0.5741046071052551,0.10901838541030884,0.9409207701683044,0.1575872302055359,1.300649642944336,0.20408420264720917,,,0.5361932660051645,0.30120481927710846,0.017385257301808066,0.9894736842105263,0.03287310979618672,0.7882843983880253,0.20696603339090386
A,final,blue,0,Transformer,3894,6948,0.4079585373401642,0.07910054177045822,0.6649563908576965,0.11471385508775711,0.9298783540725708,0.1543320268392563,0.568850040435791,0.1047651395201683,0.912173867225647,0.1511363834142685,1.2590773105621338,0.19947010278701782,,,0.5873789973470918,0.1794871794871795,0.004867872044506259,0.9941923774954627,0.009478672985781991,0.7894358088658607,0.20696603339090386
A,final,blue,0,Persistence,3894,6948,0.40550142526626587,0.07866807281970978,0.6752389073371887,0.1154370903968811,0.9645391702651978,0.1590302437543869,0.567815899848938,0.10462886840105057,0.9290282726287842,0.1531118005514145,1.3069593906402588,0.2059904932975769,,,0.5,0.0,0.0,1.0,0.0,0.7930339666090962,0.20696603339090386
A,final,blue,0,PCT-v2 (single) + shrink,3894,6948,0.40589095029010475,0.0929760539756087,0.6594112742005307,0.12226034217525517,0.8926455221099673,0.15521614417045776,0.5596523319327606,0.11975968555337424,0.8944004195210905,0.15766524614911057,1.1980230826744427,0.19894549413574797,0.2233256572634811,0.22193671762943268,0.6511166951477778,0.46923076923076923,0.08484005563282336,0.9749546279491833,0.143698468786808,0.7907311456534254,0.20696603339090386
A,final,blue,0,PCT-E (ensemble x3) + shrink,3894,6948,0.3996438477962868,0.09412016882774851,0.6648180499696378,0.12330310999194186,0.8969248233742757,0.15485503610485649,0.5528654493837221,0.12147564925540288,0.9000198670005628,0.15895458690093348,1.2015178811574405,0.19829612763666035,0.1913260410669737,0.16658085584640503,0.6477016121907568,0.48205128205128206,0.06536856745479833,0.9816696914700545,0.11512553582363748,0.7920264824409902,0.20696603339090386
A,final,blue,0,GBM + shrink,3894,6948,0.3884024564554779,0.08807693409057331,0.6434984377171264,0.12015622595954734,0.8970061792023921,0.15506615816076863,0.5433940308219626,0.11325221719729155,0.886811530466122,0.1553229112563127,1.208240034551385,0.19854616592327007,,,0.6580749629577277,0.45652173913043476,0.02920723226703755,0.9909255898366606,0.054901960784313725,0.7918825561312608,0.20696603339090386
A,final,blue,1,PCT-v2 (single),3894,6948,0.41484692692756653,0.09491191804409027,0.6816774606704712,0.13019274175167084,0.9021314978599548,0.1575339138507843,0.5690658092498779,0.12222466617822647,0.9189631938934326,0.1676725596189499,1.2045174837112427,0.20151419937610626,0.6098877374784111,0.6718289852142334,0.64365864063064,0.39941690962099125,0.0952712100139082,0.9626134301270417,0.15384615384615383,0.7831030512377662,0.20696603339090386
A,final,blue,1,PCT-E (ensemble x3),3894,6948,0.4108787775039673,0.09734421968460083,0.6790728569030762,0.12994743883609772,0.8877509236335754,0.1555289626121521,0.5632811784744263,0.12478409707546234,0.9148203134536743,0.1668725609779358,1.1838116645812988,0.19866947829723358,0.5857560928804452,0.6616119146347046,0.6515068064386664,0.4024640657084189,0.13630041724617525,0.9471869328493648,0.20363636363636367,0.7793609671848014,0.20696603339090386
A,final,blue,1,GBM,3894,6948,0.39495958544164256,0.098250657618776,0.6605254946675235,0.12703044781842815,0.8945084550206237,0.16045769155462017,0.5501285050855119,0.12503890688906685,0.9055294716038551,0.16313048623906404,1.1939121589501909,0.20471842226029807,,,0.6580749629577277,0.4046434494195688,0.16968011126564672,0.9348457350272232,0.23909848113669768,0.776482440990213,0.20696603339090386
A,final,blue,1,PCT-v2 (single) + shrink,3894,6948,0.41811900501794413,0.09284256528008734,0.6767118657787963,0.12403530430664952,0.8945608192243188,0.15523936023145463,0.5729334701949585,0.1197385310581774,0.91335314029336,0.16005712085331264,1.198343122684233,0.19873211003082872,0.6152849740932642,0.6718289852142334,0.64365864063064,0.4019933554817276,0.08414464534075104,0.9673321234119783,0.13916043703277747,0.7845423143350605,0.20696603339090386
A,final,blue,1,PCT-E (ensemble x3) + shrink,3894,6948,0.4138234570239765,0.0929690876757733,0.6695787510176023,0.12381468352254289,0.8849847414444266,0.1531865995697867,0.5665619066291533,0.11952391950706438,0.9043288382852458,0.15947137139538334,1.1840945998279788,0.1957821867637505,0.5943676837459221,0.6616119146347046,0.6515068064386664,0.3973333333333333,0.10361613351877608,0.958983666061706,0.16436845008273582,0.781951640759931,0.20696603339090386
A,final,blue,1,GBM + shrink,3894,6948,0.3884024564554779,0.08807693409057331,0.6434984377171264,0.12015622595954734,0.8970061792023921,0.15506615816076863,0.5433940308219626,0.11325221719729155,0.886811530466122,0.1553229112563127,1.208240034551385,0.19854616592327007,,,0.6580749629577277,0.45652173913043476,0.02920723226703755,0.9909255898366606,0.054901960784313725,0.7918825561312608,0.20696603339090386
A,final,blue,2,PCT-v2 (single),3894,6948,0.41709402203559875,0.10424526035785675,0.6727971434593201,0.1354907751083374,0.8829602003097534,0.16256259381771088,0.5704569816589355,0.13170380890369415,0.9068701863288879,0.17314502596855164,1.1775269508361816,0.207210972905159,0.4004269813855306,0.35597991943359375,0.6536960236666675,0.41252699784017277,0.13282336578581364,0.9506352087114338,0.20094687006838508,0.7813759355210133,0.20696603339090386
A,final,blue,2,PCT-E (ensemble x3),3894,6948,0.39854371547698975,0.09445862472057343,0.6685167551040649,0.12868641316890717,0.8894379138946533,0.15668009221553802,0.550692081451416,0.12109818309545517,0.9036968350410461,0.16500157117843628,1.1874147653579712,0.19994968175888062,0.34007388217232776,0.3083482086658478,0.6563938622153677,0.41767068273092367,0.14464534075104313,0.9473684210526315,0.21487603305785125,0.7812320092112838,0.20696603339090386
A,final,blue,2,GBM,3894,6948,0.39495958544164256,0.098250657618776,0.6605254946675235,0.12703044781842815,0.8945084550206237,0.16045769155462017,0.5501285050855119,0.12503890688906685,0.9055294716038551,0.16313048623906404,1.1939121589501909,0.20471842226029807,,,0.6580749629577277,0.4046434494195688,0.16968011126564672,0.9348457350272232,0.23909848113669768,0.776482440990213,0.20696603339090386
A,final,blue,2,PCT-v2 (single) + shrink,3894,6948,0.4138059074460985,0.10148289204068162,0.6684403263627043,0.1256170648473506,0.882316702839454,0.15764707518241128,0.5667881649009027,0.12848119478985617,0.9022685446885584,0.16155484882906151,1.179775677663011,0.20140665647131156,0.4099740932642487,0.35597991943359375,0.6536960236666675,0.4257907542579075,0.12169680111265646,0.9571687840290382,0.18929150892374252,0.7842544617156016,0.20696603339090386
A,final,blue,2,PCT-E (ensemble x3) + shrink,3894,6948,0.3985437315279084,0.09445862438505548,0.6643794205663905,0.12456759340961246,0.8895669518473132,0.15414330597256942,0.5506921248725414,0.12109818641408947,0.8992125723236619,0.16023099454570336,1.1915907798231504,0.19698554511446897,0.3435281136058338,0.3083482086658478,0.6563938622153677,0.4342105263157895,0.1376912378303199,0.9531760435571688,0.20908130939809927,0.784398388025331,0.20696603339090386
A,final,blue,2,GBM + shrink,3894,6948,0.3884024564554779,0.08807693409057331,0.6434984377171264,0.12015622595954734,0.8970061792023921,0.15506615816076863,0.5433940308219626,0.11325221719729155,0.886811530466122,0.1553229112563127,1.208240034551385,0.19854616592327007,,,0.6580749629577277,0.45652173913043476,0.02920723226703755,0.9909255898366606,0.054901960784313725,0.7918825561312608,0.20696603339090386
A,final,purple,0,PCT-v2 (single),8790,2364,0.555421769618988,0.34161141514778137,0.7350820899009705,0.39932680130004883,0.7340573072433472,0.39420923590660095,0.7187643647193909,0.46679630875587463,0.9374220371246338,0.5409010052680969,0.929488480091095,0.5262088179588318,0.47292724196277497,0.770051896572113,0.5739741306972841,0.35,0.03932584269662921,0.978688524590164,0.0707070707070707,0.766497461928934,0.22588832487309646
A,final,purple,0,PCT-E (ensemble x3),8790,2364,0.5563239455223083,0.3344542682170868,0.7144215703010559,0.39486023783683777,0.7357984185218811,0.39226633310317993,0.7189595699310303,0.45987367630004883,0.9111738204956055,0.5352240800857544,0.9316293001174927,0.5248558521270752,0.5103637901861252,0.8364115357398987,0.6112410716113055,0.5454545454545454,0.033707865168539325,0.9918032786885246,0.06349206349206349,0.7753807106598984,0.22588832487309646
A,final,purple,0,GBM,8790,2364,0.5308301138904455,0.4106234151843355,0.7333268414164908,0.6148062617549184,1.3475786022559593,0.7855780693057184,0.6830684955407301,0.5455605219917787,0.926591254594275,0.7742677778499467,1.6611461065516184,0.9573101083424703,,,0.6587963815722151,0.5357142857142857,0.08426966292134831,0.978688524590164,0.14563106796116504,0.7766497461928934,0.22588832487309646
A,final,purple,0,LSTM,8790,2364,0.5434227585792542,0.33931154012680054,0.7411004304885864,0.42097896337509155,0.8028416037559509,0.4496544599533081,0.6958246827125549,0.47320833802223206,0.9366189241409302,0.5717641115188599,1.0196648836135864,0.6043064594268799,,,0.5551994433188023,0.0,0.0,1.0,0.0,0.7741116751269036,0.22588832487309646
A,final,purple,0,GRU,8790,2364,0.5512195229530334,0.32674092054367065,0.7564088702201843,0.40924397110939026,0.7974776029586792,0.4517247974872589,0.7146475911140442,0.45769304037094116,0.9560824632644653,0.5534459352493286,1.0032280683517456,0.5976031422615051,,,0.6438212480301262,0.5517241379310345,0.0299625468164794,0.992896174863388,0.056838365896980464,0.7753807106598984,0.22588832487309646
A,final,purple,0,TCN,8790,2364,0.571363091468811,0.34727445244789124,0.7312790155410767,0.4321456551551819,0.7694990038871765,0.43729883432388306,0.7408626675605774,0.4786986708641052,0.9249308705329895,0.573236346244812,0.9631361961364746,0.5787149667739868,,,0.6511542948363725,0.5074626865671642,0.06367041198501873,0.9819672131147541,0.11314475873544093,0.7745346869712352,0.22588832487309646
A,final,purple,0,Transformer,8790,2364,0.5573033094406128,0.34461209177970886,0.6952140927314758,0.425581157207489,0.7310080528259277,0.5021925568580627,0.710636556148529,0.47952935099601746,0.8785889744758606,0.5731697082519531,0.9253433346748352,0.6537759304046631,,,0.7120157180573464,0.0,0.0,1.0,0.0,0.7741116751269036,0.22588832487309646
A,final,purple,0,Persistence,8790,2364,0.5478726625442505,0.3445558547973633,0.7444128394126892,0.41943100094795227,0.8169134855270386,0.44511017203330994,0.7004805207252502,0.4803287088871002,0.9412455558776855,0.5729460716247559,1.0387213230133057,0.6046342253684998,,,0.5,0.0,0.0,1.0,0.0,0.7741116751269036,0.22588832487309646
A,final,purple,0,PCT-v2 (single) + shrink,8790,2364,0.5431336628485371,0.34305416791339527,0.7332724846844254,0.4051635600975196,0.7516085812383292,0.3952122812435961,0.6987149526602454,0.4775706837946483,0.9352178875240691,0.54596579386801,0.9490185771823075,0.5249949415741455,0.46841511562323745,0.770051896572113,0.5739741306972841,0.3617021276595745,0.031835205992509365,0.9836065573770492,0.058519793459552494,0.7686125211505922,0.22588832487309646
A,final,purple,0,PCT-E (ensemble x3) + shrink,8790,2364,0.5433772116189535,0.3358211176957517,0.7330090457570333,0.39261041342434844,0.7553169959023227,0.38824009700787887,0.6987872838677107,0.4642083554985834,0.9328111053219788,0.527572898254242,0.9522567580984383,0.5158482790734029,0.5071912013536379,0.8364115357398987,0.6112410716113055,0.3401360544217687,0.09363295880149813,0.9469945355191257,0.14684287812041116,0.7542301184433164,0.22588832487309646
A,final,purple,0,GBM + shrink,8790,2364,0.5288586760441676,0.33715168111599986,0.7247724821313836,0.4229409361304754,0.8247533603005486,0.4508431080801132,0.679718768602786,0.46982764421072815,0.9146213452873815,0.5722916370156795,1.0527684611852839,0.6040076631675392,,,0.6587963815722151,0.515625,0.06179775280898876,0.9830601092896175,0.11036789297658862,0.7749576988155669,0.22588832487309646
A,final,purple,1,PCT-v2 (single),8790,2364,0.559057891368866,0.3315368592739105,0.7247685194015503,0.40066957473754883,0.7372095584869385,0.4067426323890686,0.7217614054679871,0.45622238516807556,0.9225200414657593,0.5400961637496948,0.9337105751037598,0.5451343655586243,0.4597433728144388,0.7571225166320801,0.5969055074599374,0.44680851063829785,0.03932584269662921,0.985792349726776,0.07228915662650602,0.7719966159052454,0.22588832487309646
A,final,purple,1,PCT-E (ensemble x3),8790,2364,0.5544422268867493,0.3312179148197174,0.7151665687561035,0.3922974169254303,0.7355659604072571,0.39205828309059143,0.7156476974487305,0.45714810490608215,0.9113005995750427,0.5323766469955444,0.9311323165893555,0.52512526512146,0.5125493513818387,0.8446862101554871,0.6112768874971859,0.5151515151515151,0.031835205992509365,0.9912568306010929,0.0599647266313933,0.7745346869712352,0.22588832487309646
A,final,purple,1,GBM,8790,2364,0.5308301138904455,0.4106234151843355,0.7333268414164908,0.6148062617549184,1.3475786022559593,0.7855780693057184,0.6830684955407301,0.5455605219917787,0.926591254594275,0.7742677778499467,1.6611461065516184,0.9573101083424703,,,0.6587963815722151,0.5357142857142857,0.08426966292134831,0.978688524590164,0.14563106796116504,0.7766497461928934,0.22588832487309646
A,final,purple,1,PCT-v2 (single) + shrink,8790,2364,0.5447056373038499,0.33123893274422267,0.7426122636748546,0.4010536149506051,0.7551571223757196,0.4069977897060004,0.7003469825765819,0.45361519830333674,0.9434179814434591,0.5365831913570979,0.9527811267784063,0.5399757876540436,0.455936266215454,0.7571225166320801,0.5969055074599374,0.3262411347517731,0.08614232209737828,0.9480874316939891,0.1362962962962963,0.7533840947546532,0.22588832487309646
A,final,purple,1,PCT-E (ensemble x3) + shrink,8790,2364,0.5437182099909682,0.3307302502846243,0.7348648863658335,0.38709477060266834,0.7565251565129689,0.38302453507578305,0.6992521665458473,0.4527861257031944,0.9337786421479409,0.5221368966311214,0.9536757914396364,0.5091536792609876,0.5121263395375071,0.8446862101554871,0.6112768874971859,0.34306569343065696,0.08801498127340825,0.9508196721311475,0.14008941877794337,0.755922165820643,0.22588832487309646
A,final,purple,1,GBM + shrink,8790,2364,0.5288586760441676,0.33715168111599986,0.7247724821313836,0.4229409361304754,0.8247533603005486,0.4508431080801132,0.679718768602786,0.46982764421072815,0.9146213452873815,0.5722916370156795,1.0527684611852839,0.6040076631675392,,,0.6587963815722151,0.515625,0.06179775280898876,0.9830601092896175,0.11036789297658862,0.7749576988155669,0.22588832487309646
A,final,purple,2,PCT-v2 (single),8790,2364,0.5596856474876404,0.3340209424495697,0.7124051451683044,0.40976008772850037,0.7309501767158508,0.4074459373950958,0.7230967283248901,0.4617103934288025,0.9105708003044128,0.5528149604797363,0.926716148853302,0.5427855253219604,0.4878031584884377,0.8322619199752808,0.6100949632631342,0.525,0.03932584269662921,0.9896174863387979,0.07317073170731707,0.7749576988155669,0.22588832487309646
A,final,purple,2,PCT-E (ensemble x3),8790,2364,0.5548450946807861,0.33479732275009155,0.7156850695610046,0.3934490978717804,0.7344704866409302,0.39386945962905884,0.7169833183288574,0.4622514247894287,0.9121954441070557,0.5343043804168701,0.9303637742996216,0.5281119346618652,0.4854060913705584,0.7876821160316467,0.6099486297865373,0.5128205128205128,0.03745318352059925,0.9896174863387979,0.06980802792321117,0.7745346869712352,0.22588832487309646
A,final,purple,2,GBM,8790,2364,0.5308301138904455,0.4106234151843355,0.7333268414164908,0.6148062617549184,1.3475786022559593,0.7855780693057184,0.6830684955407301,0.5455605219917787,0.926591254594275,0.7742677778499467,1.6611461065516184,0.9573101083424703,,,0.6587963815722151,0.5357142857142857,0.08426966292134831,0.978688524590164,0.14563106796116504,0.7766497461928934,0.22588832487309646
A,final,purple,2,PCT-v2 (single) + shrink,8790,2364,0.5449134126765676,0.3342498618124355,0.7313538780208279,0.4104126277276933,0.7473674278381056,0.41331149558756664,0.7000332517701555,0.46166124543380593,0.9329595790794188,0.5523946634710359,0.9462652226380207,0.5474356980375731,0.48413705583756345,0.8322619199752808,0.6100949632631342,0.35795454545454547,0.11797752808988764,0.9382513661202185,0.17746478873239435,0.7529610829103215,0.22588832487309646
A,final,purple,2,PCT-E (ensemble x3) + shrink,8790,2364,0.5433655634707464,0.33485542832453763,0.735990278475209,0.3894574182066659,0.7511542162436052,0.38924967225413737,0.6990008388026633,0.46313752588380563,0.9358946266274515,0.5260588445094548,0.948479725845213,0.518718336765547,0.48166948674562887,0.7876821160316467,0.6099486297865373,0.3333333333333333,0.09925093632958802,0.9420765027322404,0.15295815295815296,0.7516920473773265,0.22588832487309646
A,final,purple,2,GBM + shrink,8790,2364,0.5288586760441676,0.33715168111599986,0.7247724821313836,0.4229409361304754,0.8247533603005486,0.4508431080801132,0.679718768602786,0.46982764421072815,0.9146213452873815,0.5722916370156795,1.0527684611852839,0.6040076631675392,,,0.6587963815722151,0.515625,0.06179775280898876,0.9830601092896175,0.11036789297658862,0.7749576988155669,0.22588832487309646
A,final,red,0,PCT-v2 (single),10050,2052,0.668450653553009,0.4330986738204956,0.9135525822639465,0.5046001076698303,0.9671052694320679,0.5073925256729126,0.9157862663269043,0.5735352039337158,1.2100515365600586,0.6569241285324097,1.238543152809143,0.6425149440765381,0.33544509421702406,0.6357669234275818,0.7029523078463439,0.75,0.01263157894736842,0.9987317691819911,0.024844720496894408,0.77046783625731,0.23148148148148148
A,final,red,0,PCT-E (ensemble x3),10050,2052,0.6691482663154602,0.42397797107696533,0.8851444721221924,0.49918168783187866,0.9120230078697205,0.5099767446517944,0.9190125465393066,0.561363160610199,1.1764450073242188,0.6477614641189575,1.1635701656341553,0.6431806087493896,0.364766081871345,0.6811028718948364,0.7394426459299802,0.7272727272727273,0.016842105263157894,0.9980976537729866,0.03292181069958848,0.7709551656920078,0.23148148148148148
A,final,red,0,GBM,10050,2052,0.6416101388354163,0.39464505464380245,0.8561081185797463,0.46178716590640695,0.9070513815788278,0.4682652430342974,0.8648699948963439,0.5145995312982173,1.1320901900568159,0.5943346576255045,1.1515447445327516,0.5915823122658438,,,0.7361372359243067,0.7159090909090909,0.13263157894736843,0.984147114774889,0.2238010657193606,0.7870370370370371,0.23148148148148148
A,final,red,0,LSTM,10050,2052,0.7014453411102295,0.43548429012298584,0.9829122424125671,0.5528559684753418,1.07685124874115,0.5798408389091492,0.9592293500900269,0.5746188163757324,1.3022944927215576,0.7151908874511719,1.3866397142410278,0.736064076423645,,,0.6198618295898274,0.0,0.0,1.0,0.0,0.7685185185185185,0.23148148148148148
A,final,red,0,GRU,10050,2052,0.7004191279411316,0.43819695711135864,0.9815242886543274,0.5540840029716492,1.083835244178772,0.5895811915397644,0.9575378894805908,0.5767461657524109,1.3001880645751953,0.7161213159561157,1.39529287815094,0.7487454414367676,,,0.5752067549978307,0.0,0.0,1.0,0.0,0.7685185185185185,0.23148148148148148
A,final,red,0,TCN,10050,2052,0.7031781673431396,0.4284420907497406,0.9443552494049072,0.5195848941802979,1.0149739980697632,0.5611414313316345,0.9697641730308533,0.5640480518341064,1.256172776222229,0.6731017231941223,1.303903579711914,0.713513195514679,,,0.6446450622434337,1.0,0.002105263157894737,1.0,0.004201680672268907,0.7690058479532164,0.23148148148148148
A,final,red,0,Transformer,10050,2052,0.6858576536178589,0.42303764820098877,0.9340631365776062,0.5292536616325378,1.0026365518569946,0.5437193512916565,0.9391024112701416,0.5571045279502869,1.2360167503356934,0.6869683861732483,1.2876225709915161,0.6921871304512024,,,0.7506671561592632,0.0,0.0,1.0,0.0,0.7685185185185185,0.23148148148148148
A,final,red,0,Persistence,10050,2052,0.7032768726348877,0.43766897916793823,0.9842306971549988,0.5545193552970886,1.0873583555221558,0.5862008929252625,0.9610145688056946,0.5768483281135559,1.303808331489563,0.7172297835350037,1.4001684188842773,0.7442883849143982,,,0.5,0.0,0.0,1.0,0.0,0.7685185185185185,0.23148148148148148
A,final,red,0,PCT-v2 (single) + shrink,10050,2052,0.6820557305832609,0.43309868105022525,0.9160400073977254,0.5100950896996906,0.9723885263175869,0.4842847059616395,0.9339238501799854,0.5735352407115162,1.2136039875894724,0.6636664907818447,1.2455462135155,0.6110189444419126,0.3370695256660169,0.6357669234275818,0.7029523078463439,0.6,0.00631578947368421,0.9987317691819911,0.0125,0.7690058479532164,0.23148148148148148
A,final,red,0,PCT-E (ensemble x3) + shrink,10050,2052,0.6927420103938746,0.4211375557410007,0.9105364924567593,0.480819269189493,0.9333531811154253,0.4877894913082325,0.9481592940835635,0.5580924064746321,1.2093520639050273,0.6239313049553741,1.1920636867039056,0.6138319468818814,0.3643599740090968,0.6811028718948364,0.7394426459299802,0.0,0.0,1.0,0.0,0.7685185185185185,0.23148148148148148
A,final,red,0,GBM + shrink,10050,2052,0.7032768602174291,0.39464505464380245,0.9637499269938782,0.47014160351704903,1.0597497558487923,0.49818079845513524,0.9610145461266647,0.5145995312982173,1.27607867378037,0.6070583875411654,1.3627757680213126,0.6289252096839533,,,0.7361372359243067,0.0,0.0,1.0,0.0,0.7685185185185185,0.23148148148148148
A,final,red,1,PCT-v2 (single),10050,2052,0.6701477766036987,0.42979738116264343,0.9054904580116272,0.5216609835624695,0.9715204834938049,0.5167037844657898,0.9193056225776672,0.5645617842674255,1.1996861696243286,0.6777978539466858,1.245484471321106,0.6514891386032104,0.32667316439246263,0.6171786785125732,0.7486713613456597,1.0,0.004210526315789474,1.0,0.008385744234800839,0.7694931773879142,0.23148148148148148
A,final,red,1,PCT-E (ensemble x3),10050,2052,0.672967791557312,0.41848403215408325,0.8815076351165771,0.50933837890625,0.9154723882675171,0.5032162070274353,0.9248740673065186,0.5526902675628662,1.171602725982666,0.6596894860267639,1.1693843603134155,0.6356905698776245,0.3698018193632229,0.7072773575782776,0.7520869071855288,0.7777777777777778,0.014736842105263158,0.9987317691819911,0.028925619834710745,0.7709551656920078,0.23148148148148148
A,final,red,1,GBM,10050,2052,0.6368712943390541,0.39618541512273514,0.856563021518217,0.4611722093526999,0.9040618753713396,0.46479650358888663,0.8605058799512261,0.5165657367671227,1.1341413163073366,0.5936940502733418,1.1565993571775472,0.5891121860543228,,,0.7247712178353303,0.7070707070707071,0.14736842105263157,0.9816106531388713,0.2439024390243902,0.7884990253411306,0.23148148148148148
A,final,red,1,PCT-v2 (single) + shrink,10050,2052,0.6814007116818407,0.4314658174346271,0.916317970326795,0.5243623455231661,0.956399600210884,0.4955144995575063,0.9337055335835547,0.5677271725862761,1.213612692750143,0.6810852839511949,1.2258513708211574,0.6234488419423142,0.3252923976608187,0.6171786785125732,0.7486713613456597,0.0,0.0,1.0,0.0,0.7685185185185185,0.23148148148148148
A,final,red,1,PCT-E (ensemble x3) + shrink,10050,2052,0.690302839020345,0.41118556408757556,0.8902275482863876,0.4939992683521644,0.936827715438359,0.4807112579494037,0.9456274221982185,0.5435295592620614,1.1828268211508157,0.6394094249345937,1.1975965998316849,0.6052535908416009,0.3733755685510071,0.7072773575782776,0.7520875746754331,1.0,0.01263157894736842,1.0,0.02494802494802495,0.7714424951267057,0.23148148148148148
A,final,red,1,GBM + shrink,10050,2052,0.7032768602174291,0.40003203129195103,0.9731387134274505,0.4619562333689764,1.0581469093588494,0.4943940646040614,0.9610145461266647,0.5199424102687968,1.2889901365424508,0.5938004090023803,1.3614118334525342,0.6249186589623676,,,0.7247712178353303,0.0,0.0,1.0,0.0,0.7685185185185185,0.23148148148148148
A,final,red,2,PCT-v2 (single),10050,2052,0.6769895553588867,0.41897282004356384,0.8979120850563049,0.5074505805969238,0.9624148607254028,0.5191028118133545,0.9290692210197449,0.5552393198013306,1.1913061141967773,0.6577240824699402,1.2334246635437012,0.6560906171798706,0.3429987004548408,0.6550909876823425,0.7345806494676769,0.0,0.0,1.0,0.0,0.7685185185185185,0.23148148148148148
A,final,red,2,PCT-E (ensemble x3),10050,2052,0.6707391142845154,0.42067134380340576,0.8795772194862366,0.5069740414619446,0.9113888740539551,0.5078772306442261,0.9223613142967224,0.5568293929100037,1.1700098514556885,0.6577333807945251,1.163712978363037,0.6416935324668884,0.35883690708252114,0.6739345788955688,0.754829623201949,0.8,0.016842105263157894,0.9987317691819911,0.032989690721649485,0.7714424951267057,0.23148148148148148
A,final,red,2,GBM,10050,2052,0.640223510540688,0.40632367438394135,0.8492128661894291,0.4565105363991446,0.9132603559268604,0.46556857985006617,0.8600283166842279,0.5275505732078832,1.117897957021427,0.5875089911936312,1.1590449611007339,0.5886686811788271,,,0.738920668824884,0.6929824561403509,0.16631578947368422,0.9778059606848446,0.268251273344652,0.7899610136452242,0.23148148148148148
A,final,red,2,PCT-v2 (single) + shrink,10050,2052,0.6811063933867083,0.42279087720684855,0.8683521783707285,0.4904346160325688,1.0020447246877848,0.5119109553554676,0.9342797218221397,0.5598537065227147,1.152321211035051,0.6359270711871555,1.2861253538709678,0.6454578937454551,0.34137426900584794,0.6550909876823425,0.7345806494676769,0.8181818181818182,0.018947368421052633,0.9987317691819911,0.03703703703703704,0.7719298245614035,0.23148148148148148
A,final,red,2,PCT-E (ensemble x3) + shrink,10050,2052,0.6929437983932495,0.41521676079070086,0.875443160183827,0.4889196637087101,0.9328688625500927,0.48565029044955826,0.9488620790177626,0.549948181086978,1.1645171726015764,0.6347362616329453,1.1923329634836872,0.611023178674312,0.3650909681611436,0.6739345788955688,0.754829623201949,0.8,0.016842105263157894,0.9987317691819911,0.032989690721649485,0.7714424951267057,0.23148148148148148
A,final,red,2,GBM + shrink,10050,2052,0.7032768602174291,0.4134798241232874,0.9618283945342316,0.4574442224346269,1.0587963311511974,0.4900602792987978,0.9610145461266647,0.5349264720205531,1.2729324517442249,0.5889571315980875,1.3617905385881217,0.6197706539262713,,,0.738920668824884,0.0,0.0,1.0,0.0,0.7685185185185185,0.23148148148148148
A,final,yellow,0,PCT-v2 (single),11364,1104,0.19904689490795135,0.09717217832803726,0.242897167801857,0.09879425168037415,0.2844246029853821,0.09516789019107819,0.25535696744918823,0.12506432831287384,0.31293222308158875,0.1293494999408722,0.36570948362350464,0.12230074405670166,0.7439613526570048,0.47528696060180664,0.5585831062670299,0.0,0.0,1.0,0.0,0.9972826086956522,0.002717391304347826
A,final,yellow,0,PCT-E (ensemble x3),11364,1104,0.19869013130664825,0.09751639515161514,0.2408480942249298,0.0978817343711853,0.28671568632125854,0.09755817800760269,0.2553045153617859,0.12573187053203583,0.30972763895988464,0.12781497836112976,0.3711535632610321,0.1252402365207672,0.722524154589372,0.44006410241127014,0.5712988192552225,0.0,0.0,1.0,0.0,0.9972826086956522,0.002717391304347826
A,final,yellow,0,GBM,11364,1104,0.2817827982528619,0.09108661514910663,0.44254883285392166,0.09727252358742323,0.7073525585015034,0.11360808704879874,0.3592589537473744,0.11899386332495447,0.5684142615472502,0.12651319720445783,0.9438616442100398,0.14091724989153942,,,0.20799273387829245,0.0,0.0,1.0,0.0,0.9972826086956522,0.002717391304347826
A,final,yellow,0,LSTM,11364,1104,0.19923578202724457,0.10381750017404556,0.24791985750198364,0.10608385503292084,0.2966488301753998,0.10428930819034576,0.25653380155563354,0.1344342678785324,0.31771615147590637,0.1386605054140091,0.3781670331954956,0.1333533078432083,,,0.5891613684529216,0.0,0.0,1.0,0.0,0.9972826086956522,0.002717391304347826
A,final,yellow,0,GRU,11364,1104,0.203974649310112,0.10371734201908112,0.2464103102684021,0.10534367710351944,0.2934408187866211,0.10570497065782547,0.2620043158531189,0.1344221830368042,0.3150537312030792,0.1377817839384079,0.37333622574806213,0.13519105315208435,,,0.4047835301241296,0.0,0.0,1.0,0.0,0.9972826086956522,0.002717391304347826
A,final,yellow,0,TCN,11364,1104,0.20304559171199799,0.10557275265455246,0.24917273223400116,0.10303138941526413,0.30716460943222046,0.10564680397510529,0.259559690952301,0.13583841919898987,0.31697219610214233,0.13516366481781006,0.3919233977794647,0.13529786467552185,,,0.5013623978201635,0.0,0.0,1.0,0.0,0.9972826086956522,0.002717391304347826
A,final,yellow,0,Transformer,11364,1104,0.20125998556613922,0.10309622436761856,0.24085727334022522,0.11068346351385117,0.3082225024700165,0.11149076372385025,0.25820213556289673,0.1341017335653305,0.30752038955688477,0.1452384740114212,0.3942853510379791,0.14266841113567352,,,0.6397214653345443,0.0,0.0,1.0,0.0,0.9972826086956522,0.002717391304347826
A,final,yellow,0,Persistence,11364,1104,0.19879692792892456,0.10235363990068436,0.2467242181301117,0.10473722964525223,0.2996632158756256,0.1051323339343071,0.2559884190559387,0.13287575542926788,0.3157552480697632,0.1367189735174179,0.3822095990180969,0.1347866952419281,,,0.5,0.0,0.0,1.0,0.0,0.9972826086956522,0.002717391304347826
A,final,yellow,0,PCT-v2 (single) + shrink,11364,1104,0.1987969223560858,0.10235364913240058,0.24672420411370471,0.1042454579349524,0.2835936303909319,0.10448406479859526,0.25598841485478907,0.13287575498740853,0.31575525179767444,0.13608296316246396,0.36439123181690414,0.1339321743279982,0.7235809178743962,0.47528696060180664,0.5,0.0,0.0,1.0,0.0,0.9972826086956522,0.002717391304347826
A,final,yellow,0,PCT-E (ensemble x3) + shrink,11364,1104,0.1987969223560858,0.10202551376314602,0.24672420411370471,0.10427952400137641,0.2870087749289879,0.10458980542688673,0.25598841485478907,0.13241302157827595,0.31575525179767444,0.1361205673255724,0.3717148108556762,0.1340680002156762,0.7047101449275363,0.44006410241127014,0.5,0.0,0.0,1.0,0.0,0.9972826086956522,0.002717391304347826
A,final,yellow,0,GBM + shrink,11364,1104,0.1987969223560858,0.10235364913240058,0.24672420411370471,0.1037993158770174,0.2996631980055335,0.1051323298613636,0.25598841485478907,0.13287575498740853,0.31575525179767444,0.13542749728129622,0.3822095983436171,0.13478669232091295,,,0.5,0.0,0.0,1.0,0.0,0.9972826086956522,0.002717391304347826
A,final,yellow,1,PCT-v2 (single),11364,1104,0.19818735122680664,0.09909436106681824,0.23994261026382446,0.10081612318754196,0.28678905963897705,0.09390664100646973,0.2541046738624573,0.12786050140857697,0.3095342814922333,0.13171228766441345,0.37069159746170044,0.1207820251584053,0.7155797101449275,0.4359993636608124,0.6291250378443838,0.0,0.0,1.0,0.0,0.9972826086956522,0.002717391304347826
A,final,yellow,1,PCT-E (ensemble x3),11364,1104,0.19733470678329468,0.09789086878299713,0.2381155639886856,0.09813686460256577,0.2886686325073242,0.0970432385802269,0.25350382924079895,0.12694266438484192,0.30640095472335815,0.12822234630584717,0.37234339118003845,0.12413013726472855,0.7208635265700483,0.43487828969955444,0.655161973963064,0.0,0.0,1.0,0.0,0.9972826086956522,0.002717391304347826
A,final,yellow,1,GBM,11364,1104,0.2702866806927665,0.09165976048784649,0.46275500177235174,0.09844550721784363,0.7058735252879047,0.10684762590065543,0.3455522695179197,0.11908697524820135,0.5844196393765607,0.12790796775618535,0.897443599507146,0.1339490539522286,,,0.12957917045110504,0.0,0.0,1.0,0.0,0.9972826086956522,0.002717391304347826
A,final,yellow,1,PCT-v2 (single) + shrink,11364,1104,0.1987969223560858,0.10235364913240058,0.24672420411370471,0.10473722918123299,0.2940756794299746,0.10295601130058861,0.25598841485478907,0.13287575498740853,0.31575525179767444,0.13671897719283185,0.3761409795741267,0.13197232690670208,0.697463768115942,0.4359993636608124,0.5,0.0,0.0,1.0,0.0,0.9972826086956522,0.002717391304347826
A,final,yellow,1,PCT-E (ensemble x3) + shrink,11364,1104,0.198389121561381,0.10206150053689714,0.2447462199147761,0.10430572162617692,0.29258271621141957,0.10456528037209051,0.25539611345947677,0.13248873925163226,0.31347813189474105,0.1361728523110664,0.3744793581054322,0.1340004233053698,0.6995772946859904,0.43487828969955444,0.655161973963064,0.0,0.0,1.0,0.0,0.9972826086956522,0.002717391304347826
A,final,yellow,1,GBM + shrink,11364,1104,0.1987969223560858,0.10235364913240058,0.24672420411370471,0.103568518045368,0.2996631980055335,0.1051323298613636,0.25598841485478907,0.13287575498740853,0.31575525179767444,0.13517211932489143,0.3822095983436171,0.13478669232091295,,,0.5,0.0,0.0,1.0,0.0,0.9972826086956522,0.002717391304347826
A,final,yellow,2,PCT-v2 (single),11364,1104,0.19723768532276154,0.09805043786764145,0.23584559559822083,0.09704158455133438,0.2968605160713196,0.09966377913951874,0.25319403409957886,0.125894233584404,0.30205392837524414,0.126972034573555,0.38378605246543884,0.12683701515197754,0.7358091787439613,0.45989471673965454,0.7087496215561611,0.0,0.0,1.0,0.0,0.9972826086956522,0.002717391304347826
A,final,yellow,2,PCT-E (ensemble x3),11364,1104,0.19791589677333832,0.09674269706010818,0.23584219813346863,0.09812254458665848,0.28748512268066406,0.10014676302671432,0.2543017864227295,0.12460552155971527,0.3036143481731415,0.12823612987995148,0.3721296787261963,0.12843091785907745,0.7198067632850241,0.43276849389076233,0.6176203451407811,0.0,0.0,1.0,0.0,0.9972826086956522,0.002717391304347826
A,final,yellow,2,GBM,11364,1104,0.28629694686756996,0.08929892407572422,0.3967673423291488,0.09819982860191044,0.7570286008367145,0.1139654914512217,0.3671927227404326,0.11637145447904465,0.5072796981263102,0.12755912440877362,1.0133027069649696,0.1405523151341789,,,0.35270965788676956,0.0,0.0,0.9981834695731153,0.0,0.9954710144927537,0.002717391304347826
A,final,yellow,2,PCT-v2 (single) + shrink,11364,1104,0.1987969223560858,0.10189191294063096,0.24114352440795056,0.10422214958775208,0.2996631980055335,0.1051323298613636,0.25598841485478907,0.13220633094538226,0.3086160203957617,0.13606666446662025,0.3822095983436171,0.13478669232091295,0.7163345410628019,0.45989471673965454,0.7087496215561611,0.0,0.0,1.0,0.0,0.9972826086956522,0.002717391304347826
A,final,yellow,2,PCT-E (ensemble x3) + shrink,11364,1104,0.1987969223560858,0.10197032941575528,0.24233595121953064,0.10430918225660539,0.287496024903577,0.1051323298613636,0.25598841485478907,0.13233324922209827,0.3104863959140642,0.13616333512270878,0.37057544388217556,0.13478669232091295,0.7010869565217391,0.43276849389076233,0.6176203451407811,0.0,0.0,1.0,0.0,0.9972826086956522,0.002717391304347826
A,final,yellow,2,GBM + shrink,11364,1104,0.1987969223560858,0.10126605617006493,0.24672420411370471,0.10364859532544843,0.2996631980055335,0.1051323298613636,0.25598841485478907,0.1314795449928191,0.31575525179767444,0.13524930778871452,0.3822095983436171,0.13478669232091295,,,0.5,0.0,0.0,1.0,0.0,0.9972826086956522,0.002717391304347826
