protocol,suite,fold,seed,model,n_train,n_test,fit_s,MAE_gain_0.5s,MAE_delay_0.5s,MAE_gain_1.0s,MAE_delay_1.0s,MAE_gain_2.0s,MAE_delay_2.0s,RMSE_gain_0.5s,RMSE_delay_0.5s,RMSE_gain_1.0s,RMSE_delay_1.0s,RMSE_gain_2.0s,RMSE_delay_2.0s,cov90,width90,ev_AUC,ev_precision,ev_recall_sens,ev_specificity,ev_F1,ev_accuracy,ev_event_rate
A,main,red,0,Persistence,10050,2052,0.0003678798675537,0.7032768726348877,0.4376689791679382,0.9842306971549988,0.5545193552970886,1.0873583555221558,0.5862008929252625,0.9610145688056946,0.5768483281135559,1.303808331489563,0.7172297835350037,1.4001684188842771,0.7442883849143982,,,0.5,0.0,0.0,1.0,0.0,0.7685185185185185,0.2314814814814814
A,main,red,0,AR(ridge),10050,2052,0.4923872947692871,0.656259298324585,0.4158463180065155,0.9105446934700012,0.4909474849700928,1.0699812173843384,0.5272745490074158,0.8906728625297546,0.5374496579170227,1.2066608667373655,0.6269930005073547,1.33100426197052,0.6650292873382568,,,0.6837152488068617,0.5507246376811594,0.24,0.9410272669625872,0.3343108504398827,0.7787524366471735,0.2314814814814814
A,main,red,0,GBM,10050,2052,317.8235456943512,0.6416101388354163,0.3946450546438024,0.8561081185797463,0.4617871659064069,0.9070513815788278,0.4682652430342974,0.8648699948963439,0.5145995312982173,1.132090190056816,0.5943346576255045,1.1515447445327516,0.5915823122658438,,,0.7361372359243067,0.7159090909090909,0.1326315789473684,0.984147114774889,0.2238010657193606,0.7870370370370371,0.2314814814814814
A,main,red,0,LSTM,10050,2052,14.9185791015625,0.7014453411102295,0.4354842901229858,0.9829122424125672,0.5528559684753418,1.07685124874115,0.5798408389091492,0.9592293500900269,0.5746188163757324,1.3022944927215576,0.7151908874511719,1.3866397142410278,0.736064076423645,,,0.6198618295898274,0.0,0.0,1.0,0.0,0.7685185185185185,0.2314814814814814
A,main,red,0,GRU,10050,2052,17.853028774261475,0.7004191279411316,0.4381969571113586,0.9815242886543274,0.5540840029716492,1.083835244178772,0.5895811915397644,0.9575378894805908,0.5767461657524109,1.300188064575195,0.7161213159561157,1.39529287815094,0.7487454414367676,,,0.5752067549978307,0.0,0.0,1.0,0.0,0.7685185185185185,0.2314814814814814
A,main,red,0,TCN,10050,2052,17.010252237319946,0.7031781673431396,0.4284420907497406,0.9443552494049072,0.5195848941802979,1.0149739980697632,0.5611414313316345,0.9697641730308532,0.5640480518341064,1.256172776222229,0.6731017231941223,1.303903579711914,0.713513195514679,,,0.6446450622434337,1.0,0.0021052631578947,1.0,0.0042016806722689,0.7690058479532164,0.2314814814814814
A,main,red,0,Transformer,10050,2052,76.83452367782593,0.6858576536178589,0.4230376482009887,0.9340631365776062,0.5292536616325378,1.0026365518569946,0.5437193512916565,0.9391024112701416,0.5571045279502869,1.2360167503356934,0.6869683861732483,1.287622570991516,0.6921871304512024,,,0.7506671561592632,0.0,0.0,1.0,0.0,0.7685185185185185,0.2314814814814814
A,main,red,0,PCT (proposed),10050,2052,28.24779915809632,0.6688582301139832,0.4353885054588318,0.9113264679908752,0.5055209994316101,0.9561957120895386,0.506919264793396,0.9168201088905334,0.576686441898346,1.2072840929031372,0.6582533717155457,1.2240737676620483,0.6416590213775635,0.3373944119558155,0.6406210064888,0.7045889930914795,0.6666666666666666,0.0168421052631578,0.9974635383639824,0.0328542094455852,0.77046783625731,0.2314814814814814
A,main,red,1,Persistence,10050,2052,4.458427429199219e-05,0.7032768726348877,0.43766897916793823,0.9842306971549988,0.5545193552970886,1.0873583555221558,0.5862008929252625,0.9610145688056946,0.5768483281135559,1.303808331489563,0.7172297835350037,1.4001684188842773,0.7442883849143982,,,0.5,0.0,0.0,1.0,0.0,0.7685185185185185,0.23148148148148148
A,main,red,1,AR(ridge),10050,2052,0.14664173126220703,0.6562594771385193,0.41584742069244385,0.910545825958252,0.4909493029117584,1.0699797868728638,0.527274489402771,0.8906728029251099,0.5374509692192078,1.2066562175750732,0.6269940733909607,1.33100426197052,0.6650285124778748,,,0.6836978940693522,0.5507246376811594,0.24,0.9410272669625872,0.3343108504398827,0.7787524366471735,0.23148148148148148
A,main,red,1,GBM,10050,2052,13.650471448898315,0.6368712943390541,0.39618541512273514,0.856563021518217,0.4611722093526999,0.9040618753713396,0.46479650358888663,0.8605058799512261,0.5165657367671227,1.1341413163073366,0.5936940502733418,1.1565993571775472,0.5891121860543228,,,0.7247712178353303,0.7070707070707071,0.14736842105263157,0.9816106531388713,0.2439024390243902,0.7884990253411306,0.23148148148148148
A,main,red,1,LSTM,10050,2052,22.29602575302124,0.6989447474479675,0.4351472854614258,0.9814733862876892,0.5524027943611145,1.0866190195083618,0.582445502281189,0.9564102292060852,0.5740374326705933,1.301226019859314,0.7148120403289795,1.399114966392517,0.739855170249939,,,0.604996829422955,0.0,0.0,1.0,0.0,0.7685185185185185,0.23148148148148148
A,main,red,1,GRU,10050,2052,19.161592960357666,0.6962364912033081,0.43319740891456604,0.9844733476638794,0.547856330871582,1.0814415216445923,0.581907331943512,0.9534522294998169,0.5719243884086609,1.3045669794082642,0.7094447612762451,1.3925057649612427,0.7388807535171509,,,0.5412421987117445,0.0,0.0,1.0,0.0,0.7685185185185185,0.23148148148148148
A,main,red,1,TCN,10050,2052,22.52787470817566,0.6877405643463135,0.43757572770118713,0.9822694659233093,0.532892644405365,1.0730736255645752,0.5738740563392639,0.93993079662323,0.5757875442504883,1.301357388496399,0.6879348754882812,1.3778890371322632,0.7270562648773193,,,0.6188218803190602,0.0,0.0,1.0,0.0,0.7685185185185185,0.23148148148148148
A,main,red,1,Transformer,10050,2052,96.3639588356018,0.6940829157829285,0.428642213344574,0.9374384880065918,0.548822283744812,1.0197314023971558,0.5644458532333374,0.9505744576454163,0.5657751560211182,1.2389558553695679,0.7113738656044006,1.3085991144180298,0.715525209903717,,,0.6968914995160699,0.0,0.0,1.0,0.0,0.7685185185185185,0.23148148148148148
A,main,red,1,PCT (proposed),10050,2052,38.431363582611084,0.6694425940513611,0.431161493062973,0.9079465866088867,0.5406942367553711,0.9573215246200562,0.5159134864807129,0.918656051158905,0.571850061416626,1.2042052745819092,0.695029079914093,1.2246325016021729,0.6507367491722107,0.33926250812215725,0.6557061672210693,0.7598398024229883,0.0,0.0,1.0,0.0,0.7685185185185185,0.23148148148148148
A,main,red,2,Persistence,10050,2052,0.0003314018249511719,0.7032768726348877,0.43766897916793823,0.9842306971549988,0.5545193552970886,1.0873583555221558,0.5862008929252625,0.9610145688056946,0.5768483281135559,1.303808331489563,0.7172297835350037,1.4001684188842773,0.7442883849143982,,,0.5,0.0,0.0,1.0,0.0,0.7685185185185185,0.23148148148148148
A,main,red,2,AR(ridge),10050,2052,0.1497955322265625,0.6562594771385193,0.41584742069244385,0.910545825958252,0.4909493029117584,1.0699797868728638,0.527274489402771,0.8906728029251099,0.5374509692192078,1.2066562175750732,0.6269940733909607,1.33100426197052,0.6650285124778748,,,0.6836978940693522,0.5507246376811594,0.24,0.9410272669625872,0.3343108504398827,0.7787524366471735,0.23148148148148148
A,main,red,2,GBM,10050,2052,12.921226978302002,0.640223510540688,0.40632367438394135,0.8492128661894291,0.4565105363991446,0.9132603559268604,0.46556857985006617,0.8600283166842279,0.5275505732078832,1.117897957021427,0.5875089911936312,1.1590449611007339,0.5886686811788271,,,0.738920668824884,0.6929824561403509,0.16631578947368422,0.9778059606848446,0.268251273344652,0.7899610136452242,0.23148148148148148
A,main,red,2,LSTM,10050,2052,20.193292140960693,0.7012724876403809,0.43676790595054626,0.984135627746582,0.5530388355255127,1.0859240293502808,0.583347737789154,0.9587058424949646,0.5750148296356201,1.3035660982131958,0.7156697511672974,1.398722767829895,0.740632951259613,,,0.5139992657611054,0.0,0.0,1.0,0.0,0.7685185185185185,0.23148148148148148
A,main,red,2,GRU,10050,2052,19.042774200439453,0.6955171823501587,0.4321345388889313,0.9783700108528137,0.544762134552002,1.0805480480194092,0.5759609341621399,0.951519250869751,0.5706812739372253,1.2968398332595825,0.7055867910385132,1.391745924949646,0.7309346795082092,,,0.5704916063144545,0.0,0.0,1.0,0.0,0.7685185185185185,0.23148148148148148
A,main,red,2,TCN,10050,2052,25.718497037887573,0.6802076697349548,0.42920610308647156,0.9440168142318726,0.5358266234397888,1.0103422403335571,0.5366181135177612,0.9364092946052551,0.5638216733932495,1.2556408643722534,0.6935415267944336,1.293951153755188,0.6793375015258789,,,0.6865267162834163,1.0,0.004210526315789474,1.0,0.008385744234800839,0.7694931773879142,0.23148148148148148
A,main,red,2,Transformer,10050,2052,172.671972990036,0.6538678407669067,0.39691027998924255,0.8603183627128601,0.47007402777671814,0.929239809513092,0.4883333146572113,0.8882980942726135,0.5182857513427734,1.1275954246520996,0.6051872968673706,1.1820569038391113,0.6133500337600708,,,0.7836932216400226,0.6712962962962963,0.30526315789473685,0.9549778059606848,0.4196816208393632,0.8045808966861598,0.23148148148148148
A,main,red,2,PCT (proposed),10050,2052,43.04113054275513,0.6822760701179504,0.40928563475608826,0.8749532699584961,0.4816412031650543,0.8501917719841003,0.5009195804595947,0.9447805881500244,0.5401285290718079,1.1647733449935913,0.6289393901824951,1.076206922531128,0.6289650797843933,0.4674301494476933,0.9161612391471863,0.7140526649534427,0.5423728813559322,0.06736842105263158,0.9828788839568802,0.11985018726591758,0.7709551656920078,0.23148148148148148
