fold,kind,level,model,MAE_g1,MAE_g2,MAE_d1
black,dropout,0.0,PCT-E (ours),0.09059900045394897,0.09074703603982925,0.032286886125802994
black,dropout,0.0,PCT-v2 (single),0.050916366279125214,0.04824206233024597,0.01633581519126892
black,dropout,0.0,LSTM,0.05661475285887718,0.07608301192522049,0.034682027995586395
black,dropout,0.0,GRU,0.10898742079734802,0.11702007055282593,0.05731311812996864
black,dropout,0.0,TCN,0.22173629701137543,0.2736978232860565,0.12158899754285812
black,dropout,0.0,Transformer,0.1660182774066925,0.18473298847675323,0.091722771525383
black,dropout,0.0,GBM,0.0784511626674347,0.16146499208545634,0.012238429118488183
black,dropout,0.0,Persistence,0.04234764352440834,0.049401238560676575,0.003117429558187723
black,dropout,0.1,PCT-E (ours),0.09042788296937943,0.09067797660827637,0.032322581857442856
black,dropout,0.1,PCT-v2 (single),0.05112003535032272,0.048538871109485626,0.016328150406479836
black,dropout,0.1,LSTM,0.05658647418022156,0.07610322535037994,0.034661196172237396
black,dropout,0.1,GRU,0.1088729053735733,0.11680532991886139,0.057324040681123734
black,dropout,0.1,TCN,0.2213369458913803,0.27350759506225586,0.1213112473487854
black,dropout,0.1,Transformer,0.1657528132200241,0.18442635238170624,0.09161980450153351
black,dropout,0.1,GBM,0.07902307889658582,0.16177900620207178,0.013594685321604226
black,dropout,0.1,Persistence,0.04234764352440834,0.049401238560676575,0.003117429558187723
black,dropout,0.3,PCT-E (ours),0.09045074880123138,0.09133920073509216,0.03225835785269737
black,dropout,0.3,PCT-v2 (single),0.05148467421531677,0.04988706111907959,0.01660870388150215
black,dropout,0.3,LSTM,0.05661625787615776,0.07608015835285187,0.03447079285979271
black,dropout,0.3,GRU,0.10867736488580704,0.11654452234506607,0.05719640105962753
black,dropout,0.3,TCN,0.22187602519989014,0.27393701672554016,0.12194596976041794
black,dropout,0.3,Transformer,0.16546830534934998,0.18399512767791748,0.09142059832811356
black,dropout,0.3,GBM,0.08215858837508898,0.16585722764887037,0.017936019684419068
black,dropout,0.3,Persistence,0.04234764352440834,0.049401238560676575,0.003117429558187723
black,dropout,0.5,PCT-E (ours),0.0902172178030014,0.09190420061349869,0.03234465420246124
black,dropout,0.5,PCT-v2 (single),0.052020370960235596,0.05176565423607826,0.016895461827516556
black,dropout,0.5,LSTM,0.05639361962676048,0.07557445764541626,0.03402894735336304
black,dropout,0.5,GRU,0.10857858508825302,0.11637916415929794,0.057246629148721695
black,dropout,0.5,TCN,0.22260445356369019,0.2751755714416504,0.12202456593513489
black,dropout,0.5,Transformer,0.1647447794675827,0.1832898110151291,0.09103769809007645
black,dropout,0.5,GBM,0.08683202696098162,0.17045375622300377,0.02259759837462456
black,dropout,0.5,Persistence,0.04234764352440834,0.049401238560676575,0.003117429558187723
black,dropout,0.7,PCT-E (ours),0.09075884521007538,0.0932430699467659,0.031487394124269485
black,dropout,0.7,PCT-v2 (single),0.05237353965640068,0.05447278171777725,0.016253815963864326
black,dropout,0.7,LSTM,0.056072112172842026,0.0755145400762558,0.03365759924054146
black,dropout,0.7,GRU,0.10828426480293274,0.11598066985607147,0.05715692788362503
black,dropout,0.7,TCN,0.221370130777359,0.274503231048584,0.1205928772687912
black,dropout,0.7,Transformer,0.16346320509910583,0.1820412427186966,0.0901169627904892
black,dropout,0.7,GBM,0.09441274908375501,0.17524194781655403,0.027897403244118785
black,dropout,0.7,Persistence,0.04234764352440834,0.049401238560676575,0.003117429558187723
black,noise,0.0,PCT-E (ours),0.09059900045394897,0.09074703603982925,0.032286886125802994
black,noise,0.0,PCT-v2 (single),0.050916366279125214,0.04824206233024597,0.01633581519126892
black,noise,0.0,LSTM,0.05661475285887718,0.07608301192522049,0.034682027995586395
black,noise,0.0,GRU,0.10898742079734802,0.11702007055282593,0.05731311812996864
black,noise,0.0,TCN,0.22173629701137543,0.2736978232860565,0.12158899754285812
black,noise,0.0,Transformer,0.1660182774066925,0.18473298847675323,0.091722771525383
black,noise,0.0,GBM,0.0784511626674347,0.16146499208545634,0.012238429118488183
black,noise,0.0,Persistence,0.04234764352440834,0.049401238560676575,0.003117429558187723
black,noise,0.1,PCT-E (ours),0.0905492752790451,0.09084826707839966,0.03224186599254608
black,noise,0.1,PCT-v2 (single),0.05089925602078438,0.048377592116594315,0.016328269615769386
black,noise,0.1,LSTM,0.0566188208758831,0.07610314339399338,0.03469567745923996
black,noise,0.1,GRU,0.10897232592105865,0.117037333548069,0.05730123817920685
black,noise,0.1,TCN,0.22152747213840485,0.2735172212123871,0.12144379317760468
black,noise,0.1,Transformer,0.16605955362319946,0.1847614049911499,0.0917169600725174
black,noise,0.1,GBM,0.07769238343992488,0.16154930687303742,0.012063636245752409
black,noise,0.1,Persistence,0.04234764352440834,0.049401238560676575,0.003117429558187723
black,noise,0.25,PCT-E (ours),0.0903303474187851,0.09069579094648361,0.03234134614467621
black,noise,0.25,PCT-v2 (single),0.05071819946169853,0.0486912801861763,0.016321228817105293
black,noise,0.25,LSTM,0.0566336065530777,0.07608816027641296,0.034712061285972595
black,noise,0.25,GRU,0.1088862344622612,0.11685734987258911,0.057236820459365845
black,noise,0.25,TCN,0.2216014713048935,0.273135781288147,0.12139491736888885
black,noise,0.25,Transformer,0.16537514328956604,0.183890700340271,0.09172631055116653
black,noise,0.25,GBM,0.07703322178473757,0.16189843998679332,0.01163247611319614
black,noise,0.25,Persistence,0.04234764352440834,0.049401238560676575,0.003117429558187723
black,noise,0.5,PCT-E (ours),0.09017203003168106,0.09042143076658249,0.03286200389266014
black,noise,0.5,PCT-v2 (single),0.050564877688884735,0.048774603754282,0.016493113711476326
black,noise,0.5,LSTM,0.056834831833839417,0.07653691619634628,0.034839920699596405
black,noise,0.5,GRU,0.1089748814702034,0.11683007329702377,0.05716539919376373
black,noise,0.5,TCN,0.22251544892787933,0.27281108498573303,0.12205050140619278
black,noise,0.5,Transformer,0.16468314826488495,0.1828187108039856,0.09193304926156998
black,noise,0.5,GBM,0.07684581440697182,0.1644940243606112,0.011139441637111908
black,noise,0.5,Persistence,0.04234764352440834,0.049401238560676575,0.003117429558187723
black,noise,1.0,PCT-E (ours),0.09013275802135468,0.09101251512765884,0.03238256648182869
black,noise,1.0,PCT-v2 (single),0.05067826434969902,0.05058448389172554,0.015310326591134071
black,noise,1.0,LSTM,0.05727958306670189,0.07757148891687393,0.03571449965238571
black,noise,1.0,GRU,0.10875522345304489,0.11662788689136505,0.05680443346500397
black,noise,1.0,TCN,0.21920578181743622,0.26889950037002563,0.118904709815979
black,noise,1.0,Transformer,0.16526974737644196,0.1825341135263443,0.09200594574213028
black,noise,1.0,GBM,0.07352344243919796,0.1686517728904989,0.009532849863430566
black,noise,1.0,Persistence,0.04234764352440834,0.049401238560676575,0.003117429558187723
black,stale,0.0,PCT-E (ours),0.09059900045394897,0.09074703603982925,0.032286886125802994
black,stale,0.0,PCT-v2 (single),0.050916366279125214,0.04824206233024597,0.01633581519126892
black,stale,0.0,LSTM,0.05661475285887718,0.07608301192522049,0.034682027995586395
black,stale,0.0,GRU,0.10898742079734802,0.11702007055282593,0.05731311812996864
black,stale,0.0,TCN,0.22173629701137543,0.2736978232860565,0.12158899754285812
black,stale,0.0,Transformer,0.1660182774066925,0.18473298847675323,0.091722771525383
black,stale,0.0,GBM,0.0784511626674347,0.16146499208545634,0.012238429118488183
black,stale,0.0,Persistence,0.04234764352440834,0.049401238560676575,0.003117429558187723
black,stale,0.5,PCT-E (ours),0.09230713546276093,0.09369523823261261,0.033081889152526855
black,stale,0.5,PCT-v2 (single),0.051732826977968216,0.05288390815258026,0.014701512642204762
black,stale,0.5,LSTM,0.05773565173149109,0.07814038544893265,0.03584325313568115
black,stale,0.5,GRU,0.11041051894426346,0.11838380247354507,0.05806370824575424
black,stale,0.5,TCN,0.22363293170928955,0.27317214012145996,0.12324236333370209
black,stale,0.5,Transformer,0.16545957326889038,0.18319296836853027,0.09175858646631241
black,stale,0.5,GBM,0.07644123599664995,0.16571350486819875,0.016393755681140265
black,stale,0.5,Persistence,0.04234764352440834,0.049401238560676575,0.003117429558187723
black,stale,1.0,PCT-E (ours),0.09061810374259949,0.09188085794448853,0.03314950317144394
black,stale,1.0,PCT-v2 (single),0.049946378916502,0.051695238798856735,0.014577198773622513
black,stale,1.0,LSTM,0.05807974934577942,0.07876770198345184,0.03648454323410988
black,stale,1.0,GRU,0.11061684787273407,0.11842963099479675,0.058193858712911606
black,stale,1.0,TCN,0.22379271686077118,0.27221038937568665,0.124622642993927
black,stale,1.0,Transformer,0.16412296891212463,0.18101255595684052,0.0922364667057991
black,stale,1.0,GBM,0.077740709921507,0.16684433822280653,0.01828493813679861
black,stale,1.0,Persistence,0.04234764352440834,0.049401238560676575,0.003117429558187723
black,stale,2.0,PCT-E (ours),0.08832326531410217,0.09091001749038696,0.032864030450582504
black,stale,2.0,PCT-v2 (single),0.046259570866823196,0.05109962075948715,0.014089222066104412
black,stale,2.0,LSTM,0.05820770934224129,0.07887069880962372,0.03669116273522377
black,stale,2.0,GRU,0.11082793772220612,0.11845584213733673,0.05824916064739227
black,stale,2.0,TCN,0.2241978496313095,0.27279531955718994,0.1263451725244522
black,stale,2.0,Transformer,0.16130657494068146,0.1769384741783142,0.09279777109622955
black,stale,2.0,GBM,0.08506806120748335,0.16733271795796456,0.019436608578244068
black,stale,2.0,Persistence,0.04234764352440834,0.049401238560676575,0.003117429558187723
black,stale,4.0,PCT-E (ours),0.09061810374259949,0.09188085794448853,0.03314950317144394
black,stale,4.0,PCT-v2 (single),0.049946378916502,0.051695238798856735,0.014577198773622513
black,stale,4.0,LSTM,0.05807974934577942,0.07876770198345184,0.03648454323410988
black,stale,4.0,GRU,0.11061684787273407,0.11842963099479675,0.058193858712911606
black,stale,4.0,TCN,0.22379271686077118,0.27221038937568665,0.124622642993927
black,stale,4.0,Transformer,0.16412296891212463,0.18101255595684052,0.0922364667057991
black,stale,4.0,GBM,0.077740709921507,0.16684433822280653,0.01828493813679861
black,stale,4.0,Persistence,0.04234764352440834,0.049401238560676575,0.003117429558187723
blue,dropout,0.0,PCT-E (ours),0.6726012229919434,0.899606466293335,0.12731218338012695
blue,dropout,0.0,PCT-v2 (single),0.6666108965873718,0.894834578037262,0.13107745349407196
blue,dropout,0.0,LSTM,0.6750489473342896,0.9612835645675659,0.11645184457302094
blue,dropout,0.0,GRU,0.6798499822616577,0.9620267748832703,0.11931977421045303
blue,dropout,0.0,TCN,0.6845008730888367,0.9658010601997375,0.1195911392569542
blue,dropout,0.0,Transformer,0.6649563908576965,0.9298783540725708,0.11471385508775711
blue,dropout,0.0,GBM,0.6605254946675235,0.8945084550206237,0.12703044781842815
blue,dropout,0.0,Persistence,0.6752389073371887,0.9645391702651978,0.1154370903968811
blue,dropout,0.1,PCT-E (ours),0.6699000597000122,0.8968014717102051,0.13031449913978577
blue,dropout,0.1,PCT-v2 (single),0.6638399958610535,0.891990602016449,0.13458648324012756
blue,dropout,0.1,LSTM,0.6750766634941101,0.9613394737243652,0.11661183089017868
blue,dropout,0.1,GRU,0.6794475317001343,0.9619254469871521,0.11944040656089783
blue,dropout,0.1,TCN,0.6832036972045898,0.9641534090042114,0.12031867355108261
blue,dropout,0.1,Transformer,0.6644444465637207,0.9294142723083496,0.11494452506303787
blue,dropout,0.1,GBM,0.6597945960825585,0.8936117228626379,0.12887268165815172
blue,dropout,0.1,Persistence,0.6752389073371887,0.9645391702651978,0.1154370903968811
blue,dropout,0.3,PCT-E (ours),0.6641948223114014,0.8920957446098328,0.13635054230690002
blue,dropout,0.3,PCT-v2 (single),0.657416045665741,0.8869741559028625,0.1410519778728485
blue,dropout,0.3,LSTM,0.6751038432121277,0.9613860845565796,0.11682680249214172
blue,dropout,0.3,GRU,0.6784368753433228,0.9611762762069702,0.11963043361902237
blue,dropout,0.3,TCN,0.6810357570648193,0.9620723128318787,0.12137345224618912
blue,dropout,0.3,Transformer,0.6632320880889893,0.9285401701927185,0.11536423116922379
blue,dropout,0.3,GBM,0.6586899789557145,0.885352078766018,0.13261586410808773
blue,dropout,0.3,Persistence,0.6752389073371887,0.9645391702651978,0.1154370903968811
blue,dropout,0.5,PCT-E (ours),0.6585078239440918,0.8876433372497559,0.14497093856334686
blue,dropout,0.5,PCT-v2 (single),0.6516412496566772,0.88272625207901,0.15028762817382812
blue,dropout,0.5,LSTM,0.6751951575279236,0.9616321325302124,0.11705893278121948
blue,dropout,0.5,GRU,0.6774415969848633,0.9610790610313416,0.11973129957914352
blue,dropout,0.5,TCN,0.6780697107315063,0.9597370624542236,0.1233716607093811
blue,dropout,0.5,Transformer,0.6614372730255127,0.928422212600708,0.11575877666473389
blue,dropout,0.5,GBM,0.6525588444051456,0.8802735563790279,0.13749682329525417
blue,dropout,0.5,Persistence,0.6752389073371887,0.9645391702651978,0.1154370903968811
blue,dropout,0.7,PCT-E (ours),0.6536767482757568,0.8836207985877991,0.15449123084545135
blue,dropout,0.7,PCT-v2 (single),0.6461610198020935,0.8792296648025513,0.1598050445318222
blue,dropout,0.7,LSTM,0.6754441857337952,0.9617496132850647,0.11718875914812088
blue,dropout,0.7,GRU,0.6757526993751526,0.9600426554679871,0.11957386136054993
blue,dropout,0.7,TCN,0.6740973591804504,0.9575885534286499,0.12441755086183548
blue,dropout,0.7,Transformer,0.6598055958747864,0.9283639192581177,0.11624880880117416
blue,dropout,0.7,GBM,0.6503740515786433,0.8748420331778055,0.14182766021699536
blue,dropout,0.7,Persistence,0.6752389073371887,0.9645391702651978,0.1154370903968811
blue,noise,0.0,PCT-E (ours),0.6726012229919434,0.899606466293335,0.12731218338012695
blue,noise,0.0,PCT-v2 (single),0.6666108965873718,0.894834578037262,0.13107745349407196
blue,noise,0.0,LSTM,0.6750489473342896,0.9612835645675659,0.11645184457302094
blue,noise,0.0,GRU,0.6798499822616577,0.9620267748832703,0.11931977421045303
blue,noise,0.0,TCN,0.6845008730888367,0.9658010601997375,0.1195911392569542
blue,noise,0.0,Transformer,0.6649563908576965,0.9298783540725708,0.11471385508775711
blue,noise,0.0,GBM,0.6605254946675235,0.8945084550206237,0.12703044781842815
blue,noise,0.0,Persistence,0.6752389073371887,0.9645391702651978,0.1154370903968811
blue,noise,0.1,PCT-E (ours),0.6720507144927979,0.8994438052177429,0.1271141767501831
blue,noise,0.1,PCT-v2 (single),0.6660599112510681,0.8946353793144226,0.13081270456314087
blue,noise,0.1,LSTM,0.675062894821167,0.9612910747528076,0.11645439267158508
blue,noise,0.1,GRU,0.6798494458198547,0.9620497822761536,0.1193196177482605
blue,noise,0.1,TCN,0.6843587756156921,0.9658029675483704,0.11950211226940155
blue,noise,0.1,Transformer,0.664973795413971,0.9299060702323914,0.11471244692802429
blue,noise,0.1,GBM,0.6606165569510098,0.895194729154473,0.12663855365630206
blue,noise,0.1,Persistence,0.6752389073371887,0.9645391702651978,0.1154370903968811
blue,noise,0.25,PCT-E (ours),0.6690027117729187,0.8983249664306641,0.12578155100345612
blue,noise,0.25,PCT-v2 (single),0.6627185940742493,0.8933725357055664,0.12922866642475128
blue,noise,0.25,LSTM,0.6751433610916138,0.9614171981811523,0.11651820689439774
blue,noise,0.25,GRU,0.6797271370887756,0.9620619416236877,0.11933089792728424
blue,noise,0.25,TCN,0.6835781335830688,0.9657579660415649,0.11916820704936981
blue,noise,0.25,Transformer,0.6648491024971008,0.9301207065582275,0.11468502879142761
blue,noise,0.25,GBM,0.6591142278318074,0.8933172636464363,0.12495676316084509
blue,noise,0.25,Persistence,0.6752389073371887,0.9645391702651978,0.1154370903968811
blue,noise,0.5,PCT-E (ours),0.6633849740028381,0.8974676728248596,0.12263375520706177
blue,noise,0.5,PCT-v2 (single),0.6562862396240234,0.8924667835235596,0.1251588612794876
blue,noise,0.5,LSTM,0.675189197063446,0.9617775082588196,0.11658118665218353
blue,noise,0.5,GRU,0.6794759631156921,0.9625431895256042,0.11943300813436508
blue,noise,0.5,TCN,0.6817948222160339,0.9653504490852356,0.11790921539068222
blue,noise,0.5,Transformer,0.6649631857872009,0.9312084913253784,0.11481086909770966
blue,noise,0.5,GBM,0.6539908660027096,0.8915823124464521,0.12172590270840025
blue,noise,0.5,Persistence,0.6752389073371887,0.9645391702651978,0.1154370903968811
blue,noise,1.0,PCT-E (ours),0.6547787189483643,0.9003704786300659,0.11741717904806137
blue,noise,1.0,PCT-v2 (single),0.6472925543785095,0.8959321975708008,0.1186751276254654
blue,noise,1.0,LSTM,0.6753334999084473,0.9624151587486267,0.11680779606103897
blue,noise,1.0,GRU,0.6788745522499084,0.9628487229347229,0.11934567242860794
blue,noise,1.0,TCN,0.6789863705635071,0.9683956503868103,0.11600641161203384
blue,noise,1.0,Transformer,0.664076566696167,0.933393120765686,0.1147860437631607
blue,noise,1.0,GBM,0.6522134989178342,0.8911583740564026,0.11687682166930165
blue,noise,1.0,Persistence,0.6752389073371887,0.9645391702651978,0.1154370903968811
blue,stale,0.0,PCT-E (ours),0.6726012229919434,0.899606466293335,0.12731218338012695
blue,stale,0.0,PCT-v2 (single),0.6666108965873718,0.894834578037262,0.13107745349407196
blue,stale,0.0,LSTM,0.6750489473342896,0.9612835645675659,0.11645184457302094
blue,stale,0.0,GRU,0.6798499822616577,0.9620267748832703,0.11931977421045303
blue,stale,0.0,TCN,0.6845008730888367,0.9658010601997375,0.1195911392569542
blue,stale,0.0,Transformer,0.6649563908576965,0.9298783540725708,0.11471385508775711
blue,stale,0.0,GBM,0.6605254946675235,0.8945084550206237,0.12703044781842815
blue,stale,0.0,Persistence,0.6752389073371887,0.9645391702651978,0.1154370903968811
blue,stale,0.5,PCT-E (ours),0.6567582488059998,0.8852822780609131,0.12629590928554535
blue,stale,0.5,PCT-v2 (single),0.648335874080658,0.878298282623291,0.12819331884384155
blue,stale,0.5,LSTM,0.6753082871437073,0.9630299806594849,0.1175108253955841
blue,stale,0.5,GRU,0.6748279929161072,0.9627375602722168,0.11876451969146729
blue,stale,0.5,TCN,0.6664979457855225,0.9557411074638367,0.11672528833150864
blue,stale,0.5,Transformer,0.6521648168563843,0.9283015131950378,0.11382132768630981
blue,stale,0.5,GBM,0.6629801270311921,0.8831608542314152,0.12593588347124152
blue,stale,0.5,Persistence,0.6752389073371887,0.9645391702651978,0.1154370903968811
blue,stale,1.0,PCT-E (ours),0.6662634611129761,0.9132226705551147,0.12424132972955704
blue,stale,1.0,PCT-v2 (single),0.65770024061203,0.9063589572906494,0.12423922121524811
blue,stale,1.0,LSTM,0.675456702709198,0.9632214903831482,0.11779912561178207
blue,stale,1.0,GRU,0.6754428148269653,0.9650000929832458,0.11856520175933838
blue,stale,1.0,TCN,0.6738556623458862,0.9765427112579346,0.11393515020608902
blue,stale,1.0,Transformer,0.6536944508552551,0.9396381378173828,0.1142301931977272
blue,stale,1.0,GBM,0.6679321019407526,0.9036883100268386,0.12430441345134448
blue,stale,1.0,Persistence,0.6752389073371887,0.9645391702651978,0.1154370903968811
blue,stale,2.0,PCT-E (ours),0.6772552132606506,0.9452189207077026,0.1216927245259285
blue,stale,2.0,PCT-v2 (single),0.6675572991371155,0.9418975114822388,0.12057523429393768
blue,stale,2.0,LSTM,0.675477147102356,0.9633570313453674,0.11773177981376648
blue,stale,2.0,GRU,0.6758101582527161,0.9655070304870605,0.1184278279542923
blue,stale,2.0,TCN,0.6781730651855469,0.9845776557922363,0.11581715941429138
blue,stale,2.0,Transformer,0.6623256802558899,0.958206057548523,0.11680224537849426
blue,stale,2.0,GBM,0.6679101290317941,0.929075027853904,0.12215724726665213
blue,stale,2.0,Persistence,0.6752389073371887,0.9645391702651978,0.1154370903968811
blue,stale,4.0,PCT-E (ours),0.6662634611129761,0.9132226705551147,0.12424132972955704
blue,stale,4.0,PCT-v2 (single),0.65770024061203,0.9063589572906494,0.12423922121524811
blue,stale,4.0,LSTM,0.675456702709198,0.9632214903831482,0.11779912561178207
blue,stale,4.0,GRU,0.6754428148269653,0.9650000929832458,0.11856520175933838
blue,stale,4.0,TCN,0.6738556623458862,0.9765427112579346,0.11393515020608902
blue,stale,4.0,Transformer,0.6536944508552551,0.9396381378173828,0.1142301931977272
blue,stale,4.0,GBM,0.6679321019407526,0.9036883100268386,0.12430441345134448
blue,stale,4.0,Persistence,0.6752389073371887,0.9645391702651978,0.1154370903968811
purple,dropout,0.0,PCT-E (ours),0.7144215703010559,0.7357984185218811,0.39486023783683777
purple,dropout,0.0,PCT-v2 (single),0.7350820899009705,0.7340573072433472,0.39932680130004883
purple,dropout,0.0,LSTM,0.7411004304885864,0.8028416037559509,0.42097896337509155
purple,dropout,0.0,GRU,0.7564088702201843,0.7974776029586792,0.40924397110939026
purple,dropout,0.0,TCN,0.7312790155410767,0.7694990038871765,0.4321456551551819
purple,dropout,0.0,Transformer,0.6952140927314758,0.7310080528259277,0.425581157207489
purple,dropout,0.0,GBM,0.7333268414164908,1.3475786022559593,0.6148062617549184
purple,dropout,0.0,Persistence,0.7444128394126892,0.8169134855270386,0.41943100094795227
purple,dropout,0.1,PCT-E (ours),0.714846134185791,0.7362937927246094,0.39476722478866577
purple,dropout,0.1,PCT-v2 (single),0.7348845601081848,0.7345910668373108,0.39965489506721497
purple,dropout,0.1,LSTM,0.7414836287498474,0.8029946684837341,0.4213424026966095
purple,dropout,0.1,GRU,0.7595248818397522,0.7982431650161743,0.41037625074386597
purple,dropout,0.1,TCN,0.7311774492263794,0.7694982886314392,0.43233534693717957
purple,dropout,0.1,Transformer,0.694912850856781,0.7306187152862549,0.4251841604709625
purple,dropout,0.1,GBM,0.7331338299255651,1.343509928076964,0.6180525498058946
purple,dropout,0.1,Persistence,0.7444128394126892,0.8169134855270386,0.41943100094795227
purple,dropout,0.3,PCT-E (ours),0.7150294780731201,0.7396528124809265,0.3946733772754669
purple,dropout,0.3,PCT-v2 (single),0.7330648899078369,0.7379869222640991,0.3992578387260437
purple,dropout,0.3,LSTM,0.7420475482940674,0.8034844398498535,0.4220966398715973
purple,dropout,0.3,GRU,0.7570509314537048,0.8011504411697388,0.4113766551017761
purple,dropout,0.3,TCN,0.7290766835212708,0.7711779475212097,0.4324856102466583
purple,dropout,0.3,Transformer,0.6954350471496582,0.7320700287818909,0.42512860894203186
purple,dropout,0.3,GBM,0.7362177906855712,1.3249035055368152,0.6138093869058976
purple,dropout,0.3,Persistence,0.7444128394126892,0.8169134855270386,0.41943100094795227
purple,dropout,0.5,PCT-E (ours),0.7173247337341309,0.7472432851791382,0.39459744095802307
purple,dropout,0.5,PCT-v2 (single),0.7336581945419312,0.7459502220153809,0.40001511573791504
purple,dropout,0.5,LSTM,0.7422093749046326,0.8039158582687378,0.4222584664821625
purple,dropout,0.5,GRU,0.7586060762405396,0.8041041493415833,0.4131620526313782
purple,dropout,0.5,TCN,0.7289294600486755,0.7742904424667358,0.43400973081588745
purple,dropout,0.5,Transformer,0.6956509351730347,0.734296441078186,0.4248347282409668
purple,dropout,0.5,GBM,0.7365712370563618,1.3363769258613203,0.6205203222957887
purple,dropout,0.5,Persistence,0.7444128394126892,0.8169134855270386,0.41943100094795227
purple,dropout,0.7,PCT-E (ours),0.7260090708732605,0.7612547278404236,0.39803066849708557
purple,dropout,0.7,PCT-v2 (single),0.7416683435440063,0.7589280605316162,0.4030911922454834
purple,dropout,0.7,LSTM,0.7439563274383545,0.8049439191818237,0.4231344759464264
purple,dropout,0.7,GRU,0.765545129776001,0.8090832829475403,0.41536232829093933
purple,dropout,0.7,TCN,0.7342210412025452,0.7826116681098938,0.4349907338619232
purple,dropout,0.7,Transformer,0.6969509720802307,0.7390178442001343,0.4241170287132263
purple,dropout,0.7,GBM,0.7464935439821798,1.3500328055944575,0.6224907863429252
purple,dropout,0.7,Persistence,0.7444128394126892,0.8169134855270386,0.41943100094795227
purple,noise,0.0,PCT-E (ours),0.7144215703010559,0.7357984185218811,0.39486023783683777
purple,noise,0.0,PCT-v2 (single),0.7350820899009705,0.7340573072433472,0.39932680130004883
purple,noise,0.0,LSTM,0.7411004304885864,0.8028416037559509,0.42097896337509155
purple,noise,0.0,GRU,0.7564088702201843,0.7974776029586792,0.40924397110939026
purple,noise,0.0,TCN,0.7312790155410767,0.7694990038871765,0.4321456551551819
purple,noise,0.0,Transformer,0.6952140927314758,0.7310080528259277,0.425581157207489
purple,noise,0.0,GBM,0.7333268414164908,1.3475786022559593,0.6148062617549184
purple,noise,0.0,Persistence,0.7444128394126892,0.8169134855270386,0.41943100094795227
purple,noise,0.1,PCT-E (ours),0.7143582105636597,0.7356256246566772,0.3950243890285492
purple,noise,0.1,PCT-v2 (single),0.734799325466156,0.733924388885498,0.3997189998626709
purple,noise,0.1,LSTM,0.741112470626831,0.8028716444969177,0.4210093915462494
purple,noise,0.1,GRU,0.7559671401977539,0.7975327968597412,0.4091804623603821
purple,noise,0.1,TCN,0.7309401631355286,0.7691842913627625,0.43219855427742004
purple,noise,0.1,Transformer,0.6952316761016846,0.7311338186264038,0.4255331754684448
purple,noise,0.1,GBM,0.7342284905544944,1.353231349288231,0.6158963270877644
purple,noise,0.1,Persistence,0.7444128394126892,0.8169134855270386,0.41943100094795227
purple,noise,0.25,PCT-E (ours),0.7139298319816589,0.735453724861145,0.39533406496047974
purple,noise,0.25,PCT-v2 (single),0.7336342930793762,0.7339630126953125,0.4004977345466614
purple,noise,0.25,LSTM,0.7411106824874878,0.8029220104217529,0.42103683948516846
purple,noise,0.25,GRU,0.7549615502357483,0.7956790924072266,0.409200519323349
purple,noise,0.25,TCN,0.7299391031265259,0.767779529094696,0.43200352787971497
purple,noise,0.25,Transformer,0.6955541372299194,0.7314533591270447,0.4251510798931122
purple,noise,0.25,GBM,0.7336087973107136,1.3529968407793294,0.6203536166741365
purple,noise,0.25,Persistence,0.7444128394126892,0.8169134855270386,0.41943100094795227
purple,noise,0.5,PCT-E (ours),0.7138704657554626,0.7346482872962952,0.3980782628059387
purple,noise,0.5,PCT-v2 (single),0.7306763529777527,0.7342457175254822,0.4047759175300598
purple,noise,0.5,LSTM,0.7411479949951172,0.8035489916801453,0.4216516315937042
purple,noise,0.5,GRU,0.7500384449958801,0.7936985492706299,0.4099137783050537
purple,noise,0.5,TCN,0.7286174893379211,0.7673476338386536,0.43225958943367004
purple,noise,0.5,Transformer,0.6967750787734985,0.7316529750823975,0.4249982237815857
purple,noise,0.5,GBM,0.7437496373461453,1.3798046787226077,0.6317316287617089
purple,noise,0.5,Persistence,0.7444128394126892,0.8169134855270386,0.41943100094795227
purple,noise,1.0,PCT-E (ours),0.7166097164154053,0.7455885410308838,0.40194442868232727
purple,noise,1.0,PCT-v2 (single),0.7289144992828369,0.7463119626045227,0.4117739796638489
purple,noise,1.0,LSTM,0.7413621544837952,0.8052922487258911,0.42265427112579346
purple,noise,1.0,GRU,0.7335866093635559,0.7841002941131592,0.41027411818504333
purple,noise,1.0,TCN,0.7265961766242981,0.7725818753242493,0.43077945709228516
purple,noise,1.0,Transformer,0.6998250484466553,0.7393936514854431,0.42415300011634827
purple,noise,1.0,GBM,0.7520489482980822,1.4510701004991808,0.6515900485881768
purple,noise,1.0,Persistence,0.7444128394126892,0.8169134855270386,0.41943100094795227
purple,stale,0.0,PCT-E (ours),0.7144215703010559,0.7357984185218811,0.39486023783683777
purple,stale,0.0,PCT-v2 (single),0.7350820899009705,0.7340573072433472,0.39932680130004883
purple,stale,0.0,LSTM,0.7411004304885864,0.8028416037559509,0.42097896337509155
purple,stale,0.0,GRU,0.7564088702201843,0.7974776029586792,0.40924397110939026
purple,stale,0.0,TCN,0.7312790155410767,0.7694990038871765,0.4321456551551819
purple,stale,0.0,Transformer,0.6952140927314758,0.7310080528259277,0.425581157207489
purple,stale,0.0,GBM,0.7333268414164908,1.3475786022559593,0.6148062617549184
purple,stale,0.0,Persistence,0.7444128394126892,0.8169134855270386,0.41943100094795227
purple,stale,0.5,PCT-E (ours),0.7426629662513733,0.8394153118133545,0.4167335331439972
purple,stale,0.5,PCT-v2 (single),0.7525244355201721,0.8380064964294434,0.4252193868160248
purple,stale,0.5,LSTM,0.7427313327789307,0.812472939491272,0.42267802357673645
purple,stale,0.5,GRU,0.732890248298645,0.8034322261810303,0.421019047498703
purple,stale,0.5,TCN,0.7278313040733337,0.8091316819190979,0.42526775598526
purple,stale,0.5,Transformer,0.713346004486084,0.7854178547859192,0.4319130778312683
purple,stale,0.5,GBM,0.7255469919875873,1.4309550820357222,0.5359139409974527
purple,stale,0.5,Persistence,0.7444128394126892,0.8169134855270386,0.41943100094795227
purple,stale,1.0,PCT-E (ours),0.7827275991439819,0.9055057764053345,0.4282146394252777
purple,stale,1.0,PCT-v2 (single),0.784788191318512,0.9064696431159973,0.43762990832328796
purple,stale,1.0,LSTM,0.7419924736022949,0.8143227100372314,0.42159149050712585
purple,stale,1.0,GRU,0.7612494230270386,0.833406388759613,0.4336822032928467
purple,stale,1.0,TCN,0.7411143183708191,0.8052196502685547,0.42784416675567627
purple,stale,1.0,Transformer,0.7341094613075256,0.8181002140045166,0.43309286236763
purple,stale,1.0,GBM,0.773226511267075,1.4877060920823002,0.5480542696494157
purple,stale,1.0,Persistence,0.7444128394126892,0.8169134855270386,0.41943100094795227
purple,stale,2.0,PCT-E (ours),0.773925244808197,0.8576192259788513,0.42646029591560364
purple,stale,2.0,PCT-v2 (single),0.7837516069412231,0.8621699213981628,0.43678048253059387
purple,stale,2.0,LSTM,0.74213707447052,0.81465744972229,0.4207078218460083
purple,stale,2.0,GRU,0.7738661170005798,0.8402708172798157,0.43426042795181274
purple,stale,2.0,TCN,0.7429808378219604,0.8064996600151062,0.4307969808578491
purple,stale,2.0,Transformer,0.7346184253692627,0.808739185333252,0.4350767135620117
purple,stale,2.0,GBM,0.7572299935521005,1.4319920070364411,0.5035042521321463
purple,stale,2.0,Persistence,0.7444128394126892,0.8169134855270386,0.41943100094795227
purple,stale,4.0,PCT-E (ours),0.7827275991439819,0.9055057764053345,0.4282146394252777
purple,stale,4.0,PCT-v2 (single),0.784788191318512,0.9064696431159973,0.43762990832328796
purple,stale,4.0,LSTM,0.7419924736022949,0.8143227100372314,0.42159149050712585
purple,stale,4.0,GRU,0.7612494230270386,0.833406388759613,0.4336822032928467
purple,stale,4.0,TCN,0.7411143183708191,0.8052196502685547,0.42784416675567627
purple,stale,4.0,Transformer,0.7341094613075256,0.8181002140045166,0.43309286236763
purple,stale,4.0,GBM,0.773226511267075,1.4877060920823002,0.5480542696494157
purple,stale,4.0,Persistence,0.7444128394126892,0.8169134855270386,0.41943100094795227
red,dropout,0.0,PCT-E (ours),0.8851444721221924,0.9120230078697205,0.49918168783187866
red,dropout,0.0,PCT-v2 (single),0.9135525822639465,0.9671052694320679,0.5046001076698303
red,dropout,0.0,LSTM,0.9829122424125671,1.07685124874115,0.5528559684753418
red,dropout,0.0,GRU,0.9815242886543274,1.083835244178772,0.5540840029716492
red,dropout,0.0,TCN,0.9443552494049072,1.0149739980697632,0.5195848941802979
red,dropout,0.0,Transformer,0.9340631365776062,1.0026365518569946,0.5292536616325378
red,dropout,0.0,GBM,0.8561081185797463,0.9070513815788278,0.46178716590640695
red,dropout,0.0,Persistence,0.9842306971549988,1.0873583555221558,0.5545193552970886
red,dropout,0.1,PCT-E (ours),0.8883942365646362,0.9201529026031494,0.4997231364250183
red,dropout,0.1,PCT-v2 (single),0.9157627820968628,0.972770631313324,0.5058258175849915
red,dropout,0.1,LSTM,0.9829363822937012,1.0770118236541748,0.5528042912483215
red,dropout,0.1,GRU,0.9815805554389954,1.0837512016296387,0.5540755987167358
red,dropout,0.1,TCN,0.9437362551689148,1.0167917013168335,0.5196878910064697
red,dropout,0.1,Transformer,0.9336106181144714,1.0029727220535278,0.5290303230285645
red,dropout,0.1,GBM,0.8583317155471109,0.910453113356135,0.461391453517101
red,dropout,0.1,Persistence,0.9842306971549988,1.0873583555221558,0.5545193552970886
red,dropout,0.3,PCT-E (ours),0.8940022587776184,0.9318834543228149,0.5025472640991211
red,dropout,0.3,PCT-v2 (single),0.92037433385849,0.9812924265861511,0.5087828636169434
red,dropout,0.3,LSTM,0.9830744862556458,1.0770522356033325,0.5526911616325378
red,dropout,0.3,GRU,0.9816703200340271,1.0838689804077148,0.5536327958106995
red,dropout,0.3,TCN,0.944830596446991,1.0193815231323242,0.5203123688697815
red,dropout,0.3,Transformer,0.9336246848106384,1.0057239532470703,0.5281002521514893
red,dropout,0.3,GBM,0.8546669901267645,0.9200873177358144,0.46545007916650394
red,dropout,0.3,Persistence,0.9842306971549988,1.0873583555221558,0.5545193552970886
red,dropout,0.5,PCT-E (ours),0.9018797278404236,0.9506588578224182,0.5070650577545166
red,dropout,0.5,PCT-v2 (single),0.9261128306388855,0.9933944940567017,0.5140169262886047
red,dropout,0.5,LSTM,0.9827399849891663,1.077598214149475,0.5526588559150696
red,dropout,0.5,GRU,0.9815595746040344,1.0844464302062988,0.5533303022384644
red,dropout,0.5,TCN,0.9445595741271973,1.0244637727737427,0.5223132371902466
red,dropout,0.5,Transformer,0.9339980483055115,1.0102075338363647,0.528215229511261
red,dropout,0.5,GBM,0.8601810801559345,0.929185202443809,0.46773202584781554
red,dropout,0.5,Persistence,0.9842306971549988,1.0873583555221558,0.5545193552970886
red,dropout,0.7,PCT-E (ours),0.9101272225379944,0.9761313199996948,0.5132141709327698
red,dropout,0.7,PCT-v2 (single),0.9307615160942078,1.008984088897705,0.5205116271972656
red,dropout,0.7,LSTM,0.9827898144721985,1.0779608488082886,0.5531005859375
red,dropout,0.7,GRU,0.9816660284996033,1.0841248035430908,0.5533025860786438
red,dropout,0.7,TCN,0.945643961429596,1.0295084714889526,0.5237427949905396
red,dropout,0.7,Transformer,0.9354686141014099,1.0169939994812012,0.5286197662353516
red,dropout,0.7,GBM,0.8590298726432832,0.9545156859566825,0.47833381984137996
red,dropout,0.7,Persistence,0.9842306971549988,1.0873583555221558,0.5545193552970886
red,noise,0.0,PCT-E (ours),0.8851444721221924,0.9120230078697205,0.49918168783187866
red,noise,0.0,PCT-v2 (single),0.9135525822639465,0.9671052694320679,0.5046001076698303
red,noise,0.0,LSTM,0.9829122424125671,1.07685124874115,0.5528559684753418
red,noise,0.0,GRU,0.9815242886543274,1.083835244178772,0.5540840029716492
red,noise,0.0,TCN,0.9443552494049072,1.0149739980697632,0.5195848941802979
red,noise,0.0,Transformer,0.9340631365776062,1.0026365518569946,0.5292536616325378
red,noise,0.0,GBM,0.8561081185797463,0.9070513815788278,0.46178716590640695
red,noise,0.0,Persistence,0.9842306971549988,1.0873583555221558,0.5545193552970886
red,noise,0.1,PCT-E (ours),0.8857941627502441,0.9133043885231018,0.49959537386894226
red,noise,0.1,PCT-v2 (single),0.9139345288276672,0.9681968092918396,0.5050808191299438
red,noise,0.1,LSTM,0.9829443097114563,1.0768122673034668,0.5528570413589478
red,noise,0.1,GRU,0.9815669059753418,1.0838589668273926,0.5541619062423706
red,noise,0.1,TCN,0.9446610808372498,1.0151973962783813,0.5195775628089905
red,noise,0.1,Transformer,0.9340377449989319,1.0027364492416382,0.5293294787406921
red,noise,0.1,GBM,0.8559886585155386,0.9047152425955775,0.46220644446549497
red,noise,0.1,Persistence,0.9842306971549988,1.0873583555221558,0.5545193552970886
red,noise,0.25,PCT-E (ours),0.8896372318267822,0.9200735092163086,0.5013196468353271
red,noise,0.25,PCT-v2 (single),0.9169347286224365,0.9734207987785339,0.5069010257720947
red,noise,0.25,LSTM,0.9828459024429321,1.0770705938339233,0.552807092666626
red,noise,0.25,GRU,0.9815226793289185,1.0839377641677856,0.554131031036377
red,noise,0.25,TCN,0.9454905986785889,1.0169085264205933,0.5202019810676575
red,noise,0.25,Transformer,0.9342898726463318,1.0029047727584839,0.5291902422904968
red,noise,0.25,GBM,0.8543157605690798,0.9095799187151293,0.4644755096967952
red,noise,0.25,Persistence,0.9842306971549988,1.0873583555221558,0.5545193552970886
red,noise,0.5,PCT-E (ours),0.9004099369049072,0.9372215867042542,0.5070068836212158
red,noise,0.5,PCT-v2 (single),0.92470782995224,0.986523449420929,0.5124301314353943
red,noise,0.5,LSTM,0.9829790592193604,1.0768440961837769,0.5528086423873901
red,noise,0.5,GRU,0.9816595315933228,1.0839239358901978,0.5543662309646606
red,noise,0.5,TCN,0.9482325315475464,1.0215215682983398,0.5230875611305237
red,noise,0.5,Transformer,0.9340100288391113,1.0027246475219727,0.5290943384170532
red,noise,0.5,GBM,0.8571120881365231,0.9071693415912373,0.4678227460272358
red,noise,0.5,Persistence,0.9842306971549988,1.0873583555221558,0.5545193552970886
red,noise,1.0,PCT-E (ours),0.9233136177062988,0.9766578078269958,0.5186187028884888
red,noise,1.0,PCT-v2 (single),0.9406377673149109,1.0151190757751465,0.5227437615394592
red,noise,1.0,LSTM,0.9826396107673645,1.0781104564666748,0.552581250667572
red,noise,1.0,GRU,0.9815109372138977,1.0844824314117432,0.5538045167922974
red,noise,1.0,TCN,0.9505649209022522,1.033655047416687,0.527213454246521
red,noise,1.0,Transformer,0.9354208707809448,1.0072811841964722,0.527337908744812
red,noise,1.0,GBM,0.8687678732137061,0.9269123708004864,0.4821639682417952
red,noise,1.0,Persistence,0.9842306971549988,1.0873583555221558,0.5545193552970886
red,stale,0.0,PCT-E (ours),0.8851444721221924,0.9120230078697205,0.49918168783187866
red,stale,0.0,PCT-v2 (single),0.9135525822639465,0.9671052694320679,0.5046001076698303
red,stale,0.0,LSTM,0.9829122424125671,1.07685124874115,0.5528559684753418
red,stale,0.0,GRU,0.9815242886543274,1.083835244178772,0.5540840029716492
red,stale,0.0,TCN,0.9443552494049072,1.0149739980697632,0.5195848941802979
red,stale,0.0,Transformer,0.9340631365776062,1.0026365518569946,0.5292536616325378
red,stale,0.0,GBM,0.8561081185797463,0.9070513815788278,0.46178716590640695
red,stale,0.0,Persistence,0.9842306971549988,1.0873583555221558,0.5545193552970886
red,stale,0.5,PCT-E (ours),0.921612560749054,1.033905267715454,0.5321033596992493
red,stale,0.5,PCT-v2 (single),0.9353671669960022,1.0390369892120361,0.5323711037635803
red,stale,0.5,LSTM,0.9827960729598999,1.0807393789291382,0.5531355738639832
red,stale,0.5,GRU,0.9819207191467285,1.085591197013855,0.554301917552948
red,stale,0.5,TCN,0.9560030102729797,1.0576119422912598,0.5350754261016846
red,stale,0.5,Transformer,0.9405254125595093,1.0307399034500122,0.5306520462036133
red,stale,0.5,GBM,0.8757617373724826,1.0044210830409839,0.5031209217979176
red,stale,0.5,Persistence,0.9842306971549988,1.0873583555221558,0.5545193552970886
red,stale,1.0,PCT-E (ours),0.9794901609420776,1.1073269844055176,0.5578299164772034
red,stale,1.0,PCT-v2 (single),0.9787761569023132,1.0849547386169434,0.5599561333656311
red,stale,1.0,LSTM,0.9828603267669678,1.081173300743103,0.5531197190284729
red,stale,1.0,GRU,0.9819602370262146,1.0855412483215332,0.554444432258606
red,stale,1.0,TCN,0.9670043587684631,1.0721452236175537,0.5422680974006653
red,stale,1.0,Transformer,0.9525983333587646,1.0499165058135986,0.535089373588562
red,stale,1.0,GBM,0.9460329449217767,1.0884673551662034,0.5303103435953694
red,stale,1.0,Persistence,0.9842306971549988,1.0873583555221558,0.5545193552970886
red,stale,2.0,PCT-E (ours),0.9917464852333069,1.1086199283599854,0.5600461363792419
red,stale,2.0,PCT-v2 (single),0.9992887377738953,1.0917010307312012,0.560397207736969
red,stale,2.0,LSTM,0.9828096032142639,1.0811519622802734,0.5532587170600891
red,stale,2.0,GRU,0.9819988012313843,1.0855034589767456,0.554557204246521
red,stale,2.0,TCN,0.9696930050849915,1.0723412036895752,0.540260374546051
red,stale,2.0,Transformer,0.9578617215156555,1.051396369934082,0.5324695110321045
red,stale,2.0,GBM,0.9698529947377588,1.0889565532609924,0.5434951804119346
red,stale,2.0,Persistence,0.9842306971549988,1.0873583555221558,0.5545193552970886
red,stale,4.0,PCT-E (ours),0.9794901609420776,1.1073269844055176,0.5578299164772034
red,stale,4.0,PCT-v2 (single),0.9787761569023132,1.0849547386169434,0.5599561333656311
red,stale,4.0,LSTM,0.9828603267669678,1.081173300743103,0.5531197190284729
red,stale,4.0,GRU,0.9819602370262146,1.0855412483215332,0.554444432258606
red,stale,4.0,TCN,0.9670043587684631,1.0721452236175537,0.5422680974006653
red,stale,4.0,Transformer,0.9525983333587646,1.0499165058135986,0.535089373588562
red,stale,4.0,GBM,0.9460329449217767,1.0884673551662034,0.5303103435953694
red,stale,4.0,Persistence,0.9842306971549988,1.0873583555221558,0.5545193552970886
yellow,dropout,0.0,PCT-E (ours),0.2408480942249298,0.28671568632125854,0.0978817343711853
yellow,dropout,0.0,PCT-v2 (single),0.242897167801857,0.2844246029853821,0.09879425168037415
yellow,dropout,0.0,LSTM,0.24791985750198364,0.2966488301753998,0.10608385503292084
yellow,dropout,0.0,GRU,0.2464103102684021,0.2934408187866211,0.10534367710351944
yellow,dropout,0.0,TCN,0.24917273223400116,0.30716460943222046,0.10303138941526413
yellow,dropout,0.0,Transformer,0.24085727334022522,0.3082225024700165,0.11068346351385117
yellow,dropout,0.0,GBM,0.44254883285392166,0.7073525585015034,0.09727252358742323
yellow,dropout,0.0,Persistence,0.2467242181301117,0.2996632158756256,0.10473722964525223
yellow,dropout,0.1,PCT-E (ours),0.24116066098213196,0.2868443429470062,0.09772437810897827
yellow,dropout,0.1,PCT-v2 (single),0.2435876578092575,0.2852134704589844,0.0985586941242218
yellow,dropout,0.1,LSTM,0.24797530472278595,0.29659244418144226,0.10612443834543228
yellow,dropout,0.1,GRU,0.24645164608955383,0.29347723722457886,0.10537053644657135
yellow,dropout,0.1,TCN,0.2495473474264145,0.3074224591255188,0.10299590229988098
yellow,dropout,0.1,Transformer,0.2410382330417633,0.30785831809043884,0.11057355999946594
yellow,dropout,0.1,GBM,0.4394000252369604,0.7202476406416268,0.09800806026933098
yellow,dropout,0.1,Persistence,0.2467242181301117,0.2996632158756256,0.10473722964525223
yellow,dropout,0.3,PCT-E (ours),0.2448219656944275,0.28820347785949707,0.09891776740550995
yellow,dropout,0.3,PCT-v2 (single),0.2472425252199173,0.28636589646339417,0.10000556707382202
yellow,dropout,0.3,LSTM,0.2480030059814453,0.29671600461006165,0.10615475475788116
yellow,dropout,0.3,GRU,0.24661614000797272,0.29366886615753174,0.10534912347793579
yellow,dropout,0.3,TCN,0.24874335527420044,0.30888301134109497,0.1031327173113823
yellow,dropout,0.3,Transformer,0.24211889505386353,0.30844199657440186,0.11015348881483078
yellow,dropout,0.3,GBM,0.4319375378909702,0.7353190440846826,0.10060817502603309
yellow,dropout,0.3,Persistence,0.2467242181301117,0.2996632158756256,0.10473722964525223
yellow,dropout,0.5,PCT-E (ours),0.2460310012102127,0.2896614670753479,0.09975408017635345
yellow,dropout,0.5,PCT-v2 (single),0.25024256110191345,0.2874044179916382,0.10136059671640396
yellow,dropout,0.5,LSTM,0.248170405626297,0.29641833901405334,0.10625973343849182
yellow,dropout,0.5,GRU,0.24655784666538239,0.29352086782455444,0.10548135638237
yellow,dropout,0.5,TCN,0.24864992499351501,0.30941927433013916,0.1032886877655983
yellow,dropout,0.5,Transformer,0.24108289182186127,0.3070387840270996,0.10974669456481934
yellow,dropout,0.5,GBM,0.43195193463324355,0.7347466230553742,0.10309639541209525
yellow,dropout,0.5,Persistence,0.2467242181301117,0.2996632158756256,0.10473722964525223
yellow,dropout,0.7,PCT-E (ours),0.251237690448761,0.29939553141593933,0.10317043960094452
yellow,dropout,0.7,PCT-v2 (single),0.25593480467796326,0.29611048102378845,0.10439664125442505
yellow,dropout,0.7,LSTM,0.24788765609264374,0.2969337999820709,0.10609766840934753
yellow,dropout,0.7,GRU,0.24687200784683228,0.2938840687274933,0.10511717945337296
yellow,dropout,0.7,TCN,0.2500951588153839,0.3113713562488556,0.10507525503635406
yellow,dropout,0.7,Transformer,0.24373339116573334,0.30819112062454224,0.10846742242574692
yellow,dropout,0.7,GBM,0.432239754558207,0.7304264705902668,0.11193467641258222
yellow,dropout,0.7,Persistence,0.2467242181301117,0.2996632158756256,0.10473722964525223
yellow,noise,0.0,PCT-E (ours),0.2408480942249298,0.28671568632125854,0.0978817343711853
yellow,noise,0.0,PCT-v2 (single),0.242897167801857,0.2844246029853821,0.09879425168037415
yellow,noise,0.0,LSTM,0.24791985750198364,0.2966488301753998,0.10608385503292084
yellow,noise,0.0,GRU,0.2464103102684021,0.2934408187866211,0.10534367710351944
yellow,noise,0.0,TCN,0.24917273223400116,0.30716460943222046,0.10303138941526413
yellow,noise,0.0,Transformer,0.24085727334022522,0.3082225024700165,0.11068346351385117
yellow,noise,0.0,GBM,0.44254883285392166,0.7073525585015034,0.09727252358742323
yellow,noise,0.0,Persistence,0.2467242181301117,0.2996632158756256,0.10473722964525223
yellow,noise,0.1,PCT-E (ours),0.24090929329395294,0.2866140305995941,0.09789717197418213
yellow,noise,0.1,PCT-v2 (single),0.24283981323242188,0.2841779589653015,0.0988474190235138
yellow,noise,0.1,LSTM,0.24790777266025543,0.2966901361942291,0.1060824766755104
yellow,noise,0.1,GRU,0.24640777707099915,0.2934240400791168,0.10534631460905075
yellow,noise,0.1,TCN,0.24897213280200958,0.30709922313690186,0.10313207656145096
yellow,noise,0.1,Transformer,0.2407991737127304,0.30829185247421265,0.11068260669708252
yellow,noise,0.1,GBM,0.4415379312958801,0.7044661320141193,0.09738705864343845
yellow,noise,0.1,Persistence,0.2467242181301117,0.2996632158756256,0.10473722964525223
yellow,noise,0.25,PCT-E (ours),0.2404782623052597,0.2861628234386444,0.0980565994977951
yellow,noise,0.25,PCT-v2 (single),0.24230866134166718,0.2837499976158142,0.09896612912416458
yellow,noise,0.25,LSTM,0.24800407886505127,0.2965717017650604,0.10609550774097443
yellow,noise,0.25,GRU,0.2464636117219925,0.29341721534729004,0.10533899068832397
yellow,noise,0.25,TCN,0.24876566231250763,0.3069848120212555,0.10342799872159958
yellow,noise,0.25,Transformer,0.24081982672214508,0.3085816502571106,0.1106947585940361
yellow,noise,0.25,GBM,0.44344078076059135,0.711829273463703,0.09958805137917856
yellow,noise,0.25,Persistence,0.2467242181301117,0.2996632158756256,0.10473722964525223
yellow,noise,0.5,PCT-E (ours),0.24106982350349426,0.2871924042701721,0.09951425343751907
yellow,noise,0.5,PCT-v2 (single),0.24219700694084167,0.2843794822692871,0.10022164136171341
yellow,noise,0.5,LSTM,0.2478271722793579,0.29691174626350403,0.10604021698236465
yellow,noise,0.5,GRU,0.2464471310377121,0.29375916719436646,0.10530553013086319
yellow,noise,0.5,TCN,0.2479218691587448,0.3072071373462677,0.10361315310001373
yellow,noise,0.5,Transformer,0.24109718203544617,0.3091214895248413,0.10998282581567764
yellow,noise,0.5,GBM,0.4405794281572032,0.7132960937696785,0.10231080164444467
yellow,noise,0.5,Persistence,0.2467242181301117,0.2996632158756256,0.10473722964525223
yellow,noise,1.0,PCT-E (ours),0.2413863092660904,0.28850919008255005,0.10045299679040909
yellow,noise,1.0,PCT-v2 (single),0.24205085635185242,0.28385207056999207,0.1011502742767334
yellow,noise,1.0,LSTM,0.24804270267486572,0.29689595103263855,0.10591395944356918
yellow,noise,1.0,GRU,0.24635647237300873,0.2940325140953064,0.10467438399791718
yellow,noise,1.0,TCN,0.2480194866657257,0.3050283193588257,0.10433875769376755
yellow,noise,1.0,Transformer,0.24026472866535187,0.31115663051605225,0.1078936755657196
yellow,noise,1.0,GBM,0.4369604604174175,0.7429259746847554,0.10747902393595433
yellow,noise,1.0,Persistence,0.2467242181301117,0.2996632158756256,0.10473722964525223
yellow,stale,0.0,PCT-E (ours),0.2408480942249298,0.28671568632125854,0.0978817343711853
yellow,stale,0.0,PCT-v2 (single),0.242897167801857,0.2844246029853821,0.09879425168037415
yellow,stale,0.0,LSTM,0.24791985750198364,0.2966488301753998,0.10608385503292084
yellow,stale,0.0,GRU,0.2464103102684021,0.2934408187866211,0.10534367710351944
yellow,stale,0.0,TCN,0.24917273223400116,0.30716460943222046,0.10303138941526413
yellow,stale,0.0,Transformer,0.24085727334022522,0.3082225024700165,0.11068346351385117
yellow,stale,0.0,GBM,0.44254883285392166,0.7073525585015034,0.09727252358742323
yellow,stale,0.0,Persistence,0.2467242181301117,0.2996632158756256,0.10473722964525223
yellow,stale,0.5,PCT-E (ours),0.2526945471763611,0.29691213369369507,0.1064823642373085
yellow,stale,0.5,PCT-v2 (single),0.2570476233959198,0.29387232661247253,0.10742030292749405
yellow,stale,0.5,LSTM,0.2475903332233429,0.2974129915237427,0.10639588534832001
yellow,stale,0.5,GRU,0.24660663306713104,0.29421862959861755,0.10482723265886307
yellow,stale,0.5,TCN,0.24581214785575867,0.3074495196342468,0.10512600839138031
yellow,stale,0.5,Transformer,0.24350476264953613,0.31268376111984253,0.10522713512182236
yellow,stale,0.5,GBM,0.37270560808805775,0.6774614375893641,0.11295389110327135
yellow,stale,0.5,Persistence,0.2467242181301117,0.2996632158756256,0.10473722964525223
yellow,stale,1.0,PCT-E (ours),0.2539994716644287,0.3015798330307007,0.10751160234212875
yellow,stale,1.0,PCT-v2 (single),0.2591352164745331,0.29762694239616394,0.10923393815755844
yellow,stale,1.0,LSTM,0.24753902852535248,0.2973887026309967,0.10644575208425522
yellow,stale,1.0,GRU,0.24664555490016937,0.2942465543746948,0.10485806316137314
yellow,stale,1.0,TCN,0.245367631316185,0.30653116106987,0.10466030240058899
yellow,stale,1.0,Transformer,0.2449193149805069,0.3153083920478821,0.10563691705465317
yellow,stale,1.0,GBM,0.3840003562039125,0.6822784946934132,0.11188854283529583
yellow,stale,1.0,Persistence,0.2467242181301117,0.2996632158756256,0.10473722964525223
yellow,stale,2.0,PCT-E (ours),0.25000321865081787,0.3005935251712799,0.10548150539398193
yellow,stale,2.0,PCT-v2 (single),0.2513923645019531,0.2969675064086914,0.10620945692062378
yellow,stale,2.0,LSTM,0.24745498597621918,0.297281414270401,0.10656405985355377
yellow,stale,2.0,GRU,0.24677661061286926,0.2943677604198456,0.10491228848695755
yellow,stale,2.0,TCN,0.2456190139055252,0.3068235218524933,0.10465672612190247
yellow,stale,2.0,Transformer,0.24386928975582123,0.3150429129600525,0.10607179254293442
yellow,stale,2.0,GBM,0.38479508232617415,0.7193381261807958,0.10891497450490899
yellow,stale,2.0,Persistence,0.2467242181301117,0.2996632158756256,0.10473722964525223
yellow,stale,4.0,PCT-E (ours),0.2539994716644287,0.3015798330307007,0.10751160234212875
yellow,stale,4.0,PCT-v2 (single),0.2591352164745331,0.29762694239616394,0.10923393815755844
yellow,stale,4.0,LSTM,0.24753902852535248,0.2973887026309967,0.10644575208425522
yellow,stale,4.0,GRU,0.24664555490016937,0.2942465543746948,0.10485806316137314
yellow,stale,4.0,TCN,0.245367631316185,0.30653116106987,0.10466030240058899
yellow,stale,4.0,Transformer,0.2449193149805069,0.3153083920478821,0.10563691705465317
yellow,stale,4.0,GBM,0.3840003562039125,0.6822784946934132,0.11188854283529583
yellow,stale,4.0,Persistence,0.2467242181301117,0.2996632158756256,0.10473722964525223
