model,nodes,infer_ms_total,infer_ms_per_node,act_alloc_MB,train_s_per_epoch
LSTM,1,0.5254137349993471,0.5254137349993471,0.01418304443359375,0.01765408900003725
LSTM,4,0.44801416001064354,0.11200354000266088,0.068450927734375,0.004392583666837406
LSTM,16,0.6749434999922718,0.042183968749516985,0.2708740234375,0.007319113999983529
LSTM,64,1.1078480001742719,0.017310125002722998,1.08056640625,0.021785769666469907
LSTM,256,3.349030333386812,0.013082149739792234,4.3193359375,0.08075111666676094
LSTM,1024,21.76091299982848,0.021250891601395,17.2744140625,0.38787923833357735
GRU,1,1.199547625001287,1.199547625001287,0.10597991943359375,0.011593907999971028
GRU,4,1.8266748399946664,0.4566687099986666,0.438568115234375,0.01524911266642448
GRU,16,2.8669222500260125,0.17918264062662578,1.7542724609375,0.022005871000146726
GRU,64,4.777210666664662,0.07464391666663535,7.01708984375,0.04391962133346775
GRU,256,10.388114000003648,0.04057857031251425,28.068359375,0.16367295533321644
GRU,1024,32.27037000002989,0.03151403320315419,112.2734375,0.6727466763331904
TCN,1,0.8064937149993057,0.8064937149993057,0.26422119140625,0.008897989666669067
TCN,4,0.957450539990532,0.239362634997633,0.635009765625,0.009710593666871622
TCN,16,1.5613049999956274,0.09758156249972672,2.5400390625,0.013049385999996352
TCN,64,2.0646953331985665,0.0322608645812276,10.16015625,0.041271621999840136
TCN,256,8.241793333278716,0.032194505208119985,40.640625,0.12802827933349667
TCN,1024,29.665962666816387,0.02897066666681288,162.5625,0.39561717233330757
Transformer,1,0.5506797949965403,0.5506797949965403,0.23586273193359375,0.008846269333237919
Transformer,4,0.7956579600067926,0.19891449000169814,0.943450927734375,0.015943456000059086
Transformer,16,1.278460916637414,0.07990380728983837,3.7738037109375,0.042284198999974855
Transformer,64,2.4764236665456942,0.03869411978977647,15.09521484375,0.13175829299992378
Transformer,256,8.034136333056571,0.03138334505100223,60.380859375,0.5134697109997433
Transformer,1024,54.968038333451354,0.05367972493501109,241.5234375,2.138987237333216
PCT,1,1.3506758800031093,1.3506758800031093,0.20836639404296875,0.014826420666395279
PCT,4,2.0783436199963035,0.5195859049990759,0.8568801879882812,0.015128869666720371
PCT,16,2.445011166628319,0.15281319791426995,3.4274978637695312,0.022623733999959466
PCT,64,3.666177000013704,0.057284015625214124,13.709968566894531,0.06220547066671619
PCT,256,7.466568000078648,0.029166281250307218,54.83985137939453,0.1864240966666936
PCT,1024,28.78195199991751,0.028107374999919443,219.35938262939453,0.767604911666543
