model,horizon,NLL,CRPS,cov90,width90
PCT-E (ours),1 s,-0.4270681142807007,0.0739004115307921,1.0,0.7875065207481384
PCT-E (ours),2 s,-0.372588574886322,0.07651076091990627,1.0,0.8443266749382019
PCT-v2 (single),1 s,-0.4134909510612488,0.06665150739994005,1.0,0.8521819710731506
PCT-v2 (single),2 s,-0.41672423481941223,0.06600129296593686,1.0,0.8522249460220337
GBM,1 s,-0.15927670440803865,0.08821817024930835,1.0,1.0849216496550431
GBM,2 s,0.2501706691038444,0.13801833319078471,1.0,1.6033156503498374
LSTM,1 s,-0.12763573229312897,0.08693550049300752,1.0,1.145875096321106
LSTM,2 s,0.2831467092037201,0.1295603236344493,1.0,1.7379262447357178
GRU,1 s,-0.09839823096990585,0.09701037777317933,1.0,1.1329090595245361
GRU,2 s,0.29215511679649353,0.13530725865339732,1.0,1.72654128074646
TCN,1 s,0.07761399447917938,0.141450705279674,1.0,1.1438778638839722
TCN,2 s,0.3862508237361908,0.17988194685357253,1.0,1.6807447671890259
Transformer,1 s,-0.03746642544865608,0.1143568685333653,1.0,1.125432014465332
Transformer,2 s,0.29700541496276855,0.1472878994799305,1.0,1.6639610528945923
Persistence,1 s,-0.13277195394039154,0.0849969444016174,1.0,1.1485410928726196
Persistence,2 s,0.2817169427871704,0.12698791127131517,1.0,1.7484980821609497
