experiment,variant,level,reward,goodput,pdr,ber,energy,latency,viol,mode_ac,mode_op,mode_hyb,switch_rate
component,PIGT-DT (full),0,1.139682219440454,857.0521729528137,0.834427557081223,0.018527431003831554,0.7837619357638889,0.2707369309255308,0.17671440972222222,0.6962673611111111,0.26762152777777776,0.03611111111111111,0.03188641151685393
component,Reactive (no DT),0,1.1181389083550155,851.959427337811,0.8319839208188169,0.018578050549680522,0.7910481770833333,0.2710884683600335,0.17881944444444445,0.6967013888888889,0.27276475694444446,0.030533854166666666,0.045031601123595506
component,Oracle,0,1.2084193236978333,878.7584091547386,0.8386412103152733,0.0185948027381395,0.7865234375,0.27012331224884234,0.16182725694444444,0.6951822916666667,0.2730902777777778,0.031727430555555554,0.026465941011235956
component,- no physics prior,0,1.1426670435997528,858.3322392567045,0.8344871911463873,0.01860198099189624,0.7841634114583333,0.2704304028245264,0.17623697916666667,0.6961371527777778,0.2700737847222222,0.0337890625,0.03125
component,- no graph,0,1.144540082231681,858.6023314602904,0.8351083088869247,0.018776946537537833,0.7798936631944444,0.26986014579249223,0.17667100694444443,0.6957248263888889,0.2724609375,0.03181423611111111,0.030328300561797753
component,- no temporal,0,1.1270642534094881,855.9476523697296,0.8338268259955183,0.018091694449342655,0.7891818576388889,0.27256305473879117,0.17823350694444445,0.696875,0.2715928819444444,0.03153211805555556,0.04316625702247191
component,- no uncertainty,0,1.142493453212168,858.4830542531608,0.8344343353646655,0.018542889640534937,0.7819390190972222,0.2706332890560087,0.17703993055555556,0.6962022569444445,0.2700737847222222,0.03372395833333333,0.030942766853932584
component,+ uncertainty MC (full DT),0,1.1184174076680011,859.729147785236,0.8292589672220724,0.01992395277644366,0.8039279513888888,0.265588520841802,0.18168402777777778,0.6861545138888889,0.28346354166666665,0.030381944444444444,0.040840063202247194
risk,with risk constraint,0,1.139682219440454,857.0521729528137,0.834427557081223,0.018527431003831554,0.7837619357638889,0.2707369309255308,0.17671440972222222,0.6962673611111111,0.26762152777777776,0.03611111111111111,0.03188641151685393
risk,without risk constraint,0,1.187804555268288,916.3419077123859,0.7693626174232511,0.05341542105264564,0.6787109375,0.16198810188772006,0.2530598958333333,0.5729383680555555,0.42706163194444446,0.0,0.01349631320224719
risk,"risk-averse (+50% violation weight, uncertainty MC)",0,1.0582933501328213,829.0865828569187,0.8334751319774107,0.005743787075939818,0.8168999565972223,0.31974776029484503,0.17350260416666666,0.7357204861111111,0.2152126736111111,0.04906684027777778,0.04955231741573034
ensemble,M=1,1,1.1433253834873593,858.2439325288896,0.834773439596954,0.018558023751051384,0.7845377604166667,0.27059924840121047,0.17582465277777778,0.69609375,0.27194010416666664,0.031966145833333334,0.031184164325842697
ensemble,M=2,2,1.1429851119537031,858.8978379009353,0.8346914242488653,0.018554452577679747,0.7833333333333333,0.2705947238076666,0.17634548611111112,0.6962673611111111,0.2695095486111111,0.03422309027777778,0.03204002808988764
ensemble,M=3,3,1.139682219440454,857.0521729528137,0.834427557081223,0.018527431003831554,0.7837619357638889,0.2707369309255308,0.17671440972222222,0.6962673611111111,0.26762152777777776,0.03611111111111111,0.03188641151685393
ensemble,M=5,5,1.1408133313858373,857.2004288786239,0.834237569057521,0.01855560945224492,0.7816243489583333,0.2706365680180349,0.17680121527777778,0.6960503472222223,0.2724609375,0.03148871527777778,0.03160112359550562
real_sim_ratio,100% real traces,100,1.1429851119537031,858.8978379009353,0.8346914242488653,0.018554452577679747,0.7833333333333333,0.2705947238076666,0.17634548611111112,0.6962673611111111,0.2695095486111111,0.03422309027777778,0.03204002808988764
real_sim_ratio,50% real traces,50,1.1473833761941592,861.6284561779519,0.8346846206852018,0.018495755663521823,0.783203125,0.27083257186007087,0.1763237847222222,0.6960720486111112,0.2731987847222222,0.030729166666666665,0.03026246488764045
real_sim_ratio,0% real traces,0,1.1447402690350186,858.924544730936,0.8347196836397887,0.01859724839667485,0.783056640625,0.2704686562467429,0.17586805555555557,0.6962239583333333,0.27437065972222224,0.029405381944444444,0.0312938904494382
mismatch,PIGT-DT,nominal,1.139682219440454,857.0521729528137,0.834427557081223,0.018527431003831554,0.7837619357638889,0.2707369309255308,0.17671440972222222,0.6962673611111111,0.26762152777777776,0.03611111111111111,0.03188641151685393
mismatch,Reactive,nominal,1.1181389083550155,851.959427337811,0.8319839208188169,0.018578050549680522,0.7910481770833333,0.2710884683600335,0.17881944444444445,0.6967013888888889,0.27276475694444446,0.030533854166666666,0.045031601123595506
mismatch,Oracle,nominal,1.2084193236978333,878.7584091547386,0.8386412103152733,0.0185948027381395,0.7865234375,0.27012331224884234,0.16182725694444444,0.6951822916666667,0.2730902777777778,0.031727430555555554,0.026465941011235956
mismatch,PIGT-DT,SL -3 dB,1.0032016820344358,856.2247100185306,0.7750196801175652,0.0264411654337334,0.8093912760416667,0.24334601391029242,0.23684895833333333,0.6700303819444444,0.29485677083333334,0.03511284722222222,0.03704353932584269
mismatch,Reactive,SL -3 dB,0.9750951405715925,851.7122926518894,0.7702002493383924,0.028611801041880536,0.8178114149305555,0.23701493294501716,0.24270833333333333,0.6621310763888889,0.30733506944444444,0.030533854166666666,0.05881320224719101
mismatch,Oracle,SL -3 dB,1.0753202872719403,878.5157974701701,0.7779882891731038,0.02754781250597766,0.8110894097222222,0.23969736204549758,0.22198350694444444,0.6643229166666667,0.3039496527777778,0.031727430555555554,0.028748244382022472
mismatch,PIGT-DT,SL +3 dB,1.2488080543174052,861.4965369092297,0.879918856411921,0.015470968558454319,0.7394965277777777,0.28167950059035685,0.1306857638888889,0.7056640625,0.26273871527777776,0.03159722222222222,0.03241309691011236
mismatch,Reactive,SL +3 dB,1.2176209859504081,852.1435243978766,0.8780081858352788,0.014303760541326168,0.7465711805555556,0.28643765152612166,0.13289930555555557,0.7114366319444444,0.2580295138888889,0.030533854166666666,0.04909146769662921
mismatch,Oracle,SL +3 dB,1.31028989088076,878.9441670586326,0.8850806862887209,0.015195808177605925,0.7420355902777778,0.2824269483662799,0.11521267361111111,0.7069010416666667,0.2613715277777778,0.031727430555555554,0.02574174859550562
mismatch,PIGT-DT,absorption x1.5,1.1129230060846815,856.881145987886,0.8227504808395045,0.018943835782514667,0.7921332465277777,0.2692391556516991,0.18802083333333333,0.6949001736111111,0.26901041666666664,0.03608940972222222,0.03219364466292135
mismatch,Reactive,absorption x1.5,1.087817163278902,851.9002443559759,0.8171881753600452,0.020397456649499112,0.794140625,0.2644042696636564,0.1941623263888889,0.6904296875,0.27903645833333335,0.030533854166666666,0.04718223314606742
mismatch,Oracle,absorption x1.5,1.1819278767526027,878.7109145129882,0.8267675498776087,0.01927498952072732,0.7929633246527777,0.2679192085775932,0.17350260416666666,0.6928385416666667,0.27543402777777776,0.031727430555555554,0.026509831460674156
mismatch,PIGT-DT,noise +6 dB,0.812640997119634,857.2166823332266,0.6885824921891586,0.04979627387350816,0.8284993489583333,0.17343312284080448,0.3228732638888889,0.5905598958333333,0.3755859375,0.033854166666666664,0.03642907303370786
mismatch,Reactive,noise +6 dB,0.7831597459948649,851.3818067711296,0.6875787791484681,0.05004785373249928,0.8379014756944444,0.1735445966651614,0.3274739583333333,0.5882378472222223,0.3812282986111111,0.030533854166666666,0.06487008426966293
mismatch,Oracle,noise +6 dB,0.8872086688236861,878.1778714210935,0.6935067769039712,0.05033510904900229,0.8286675347222222,0.17192016434661506,0.30657552083333334,0.5857638888888889,0.38250868055555554,0.031727430555555554,0.030196629213483147
mismatch,PIGT-DT,optical c x1.5,0.8310836278691596,583.3158111322876,0.8518097156263198,0.018543131954818826,0.7419704861111112,0.2811218004905288,0.158203125,0.7750651041666666,0.19715711805555555,0.027777777777777776,0.027870435393258428
mismatch,Reactive,optical c x1.5,0.8067969608522847,577.2237789569687,0.8493819702538695,0.01861035968041209,0.7462673611111111,0.28153190517762094,0.15967881944444445,0.7775173611111111,0.19930555555555557,0.023177083333333334,0.03939167837078652
mismatch,Oracle,optical c x1.5,0.8677930614302565,594.2127949754589,0.8528817627665082,0.018588600826181988,0.7404025607638889,0.2805847610850285,0.14650607638888888,0.7760850694444444,0.20247395833333334,0.021440972222222222,0.02323999297752809
mismatch,PIGT-DT,optical c x0.7,1.5628376003189557,1190.6713305474693,0.8273942524652599,0.018529477837156916,0.82734375,0.2593505840535011,0.1849392361111111,0.6132378472222222,0.3493706597222222,0.03739149305555556,0.034717345505617975
mismatch,Reactive,optical c x0.7,1.5343705974871291,1179.9653428027877,0.8228907257125655,0.0185910888865477,0.8350965711805556,0.25972826379969965,0.18984375,0.6118923611111111,0.3538628472222222,0.03424479166666667,0.04977176966292135
mismatch,Oracle,optical c x0.7,1.63611193483076,1215.439034193103,0.8301034727142284,0.018601184897910232,0.8298665364583333,0.25865892942770397,0.17074652777777777,0.6096571180555556,0.35440538194444443,0.0359375,0.028792134831460675
staleness,PIGT-DT,0.25,1.158436200979477,869.0071771886417,0.8308548672019967,0.018699278662803943,0.7911048807123656,0.26965143169240574,0.1774193548387097,0.6907132056451613,0.27629368279569894,0.03299311155913978,0.032693614130434784
staleness,Reactive,0.25,1.1706639132599785,874.327372965129,0.8372618176746013,0.01861179093065297,0.7923019573252689,0.27047814368641243,0.1707199260752688,0.6947454637096774,0.2752226142473118,0.030031922043010754,0.04502802309782609
staleness,Oracle,0.25,1.2094346311959403,879.7169898062382,0.8384365873032935,0.0185307119614015,0.7863743279569892,0.27028585930954546,0.1617943548387097,0.6947454637096774,0.2748025873655914,0.030451948924731184,0.026409646739130436
staleness,PIGT-DT,1.0,1.139682219440454,857.0521729528137,0.834427557081223,0.018527431003831554,0.7837619357638889,0.2707369309255308,0.17671440972222222,0.6962673611111111,0.26762152777777776,0.03611111111111111,0.03188641151685393
staleness,Reactive,1.0,1.1181389083550155,851.959427337811,0.8319839208188169,0.018578050549680522,0.7910481770833333,0.2710884683600335,0.17881944444444445,0.6967013888888889,0.27276475694444446,0.030533854166666666,0.045031601123595506
staleness,Oracle,1.0,1.2084193236978333,878.7584091547386,0.8386412103152733,0.0185948027381395,0.7865234375,0.27012331224884234,0.16182725694444444,0.6951822916666667,0.2730902777777778,0.031727430555555554,0.026465941011235956
staleness,PIGT-DT,2.0,1.0827879188405303,830.1047245703601,0.8319809110563304,0.018539376016625867,0.7741755995639535,0.2719290032455391,0.18263989825581395,0.7014671148255814,0.2673283066860465,0.031204578488372093,0.02927389705882353
staleness,Reactive,2.0,1.0561883266128733,822.3165544635448,0.8266441500974403,0.018705864337937726,0.7886196402616279,0.27211481303484203,0.18466115552325582,0.6994004360465116,0.27078034156976744,0.02981922238372093,0.04462316176470588
staleness,Oracle,2.0,1.2013939304622725,873.8472435654525,0.8381485676100591,0.018192200213877015,0.784446538880814,0.27155930777609394,0.1621547965116279,0.6970385174418605,0.271961300872093,0.031000181686046513,0.026424632352941176
staleness,PIGT-DT,3.0,1.0311601830351134,805.0233238982606,0.8291023469145183,0.01900068232449452,0.7699778487042683,0.2728020366402843,0.1865234375,0.7046732088414634,0.2632907774390244,0.032036013719512195,0.030984760802469136
staleness,Reactive,3.0,1.0028344423963655,797.1856915476961,0.8219593961295718,0.019327134503334013,0.7849895198170732,0.2726812763841339,0.19007240853658536,0.7013862423780488,0.2701267149390244,0.02848704268292683,0.043860918209876545
staleness,Oracle,3.0,1.193766279110597,871.315034053489,0.8361607318654704,0.01827058950942424,0.7825838414634146,0.27120524893466513,0.16413395579268292,0.6965510670731707,0.27250857469512196,0.030940358231707318,0.02662037037037037
staleness,PIGT-DT,4.0,0.9841206034939293,781.0572919713933,0.8266375038619567,0.01959483463206433,0.7667580629006411,0.27371120062264903,0.18977864583333334,0.7072816506410257,0.26319611378205127,0.029522235576923076,0.03140219155844156
staleness,Reactive,4.0,0.9626202377204268,775.8442696458565,0.8189660281195003,0.02033562278434503,0.78369140625,0.27187989639410204,0.19318409455128205,0.7021734775641025,0.2712089342948718,0.02661758814102564,0.04380580357142857
staleness,Oracle,4.0,1.1884945894748773,869.256612436881,0.8358170859400758,0.018030455753955437,0.7831968649839743,0.27206201402587216,0.16443810096153846,0.6967898637820513,0.2718349358974359,0.031375200320512824,0.026988636363636364
node_failure,PIGT-DT (graph),0.0,1.139682219440454,857.0521729528137,0.834427557081223,0.018527431003831554,0.7837619357638889,0.2707369309255308,0.17671440972222222,0.6962673611111111,0.26762152777777776,0.03611111111111111,0.03188641151685393
node_failure,no graph,0.0,1.144540082231681,858.6023314602904,0.8351083088869247,0.018776946537537833,0.7798936631944444,0.26986014579249223,0.17667100694444443,0.6957248263888889,0.2724609375,0.03181423611111111,0.030328300561797753
node_failure,Reactive,0.0,1.1181389083550155,851.959427337811,0.8319839208188169,0.018578050549680522,0.7910481770833333,0.2710884683600335,0.17881944444444445,0.6967013888888889,0.27276475694444446,0.030533854166666666,0.045031601123595506
node_failure,PIGT-DT (graph),0.125,1.0536804987236383,811.6158837818333,0.828087881501494,0.02079500619188512,0.7868055555555555,0.2711103745458546,0.18275775775775777,0.6988738738738739,0.2661411411411411,0.034984984984984986,0.03246786111954651
node_failure,no graph,0.125,1.059994570149386,814.1053135687888,0.8292799709755235,0.021141673971544143,0.7826576576576577,0.26988980321416767,0.18285785785785785,0.6974474474474475,0.2714214214214214,0.03113113113113113,0.0310507136349833
node_failure,Reactive,0.125,1.0320275234561767,807.0387818270567,0.8254634255686656,0.02064495608054665,0.7936186186186186,0.27206448116836923,0.1856106106106106,0.6993493493493493,0.2707457457457457,0.029904904904904904,0.0463862739143638
node_failure,PIGT-DT (graph),0.25,1.1065386155648624,841.1631883910318,0.833018893444719,0.019970505481352763,0.7828269288054811,0.2725002090048657,0.1773011617515639,0.6987488829311885,0.2671134941912422,0.03413762287756926,0.03150887128354972
node_failure,no graph,0.25,1.1123125858150458,842.443897209669,0.834282593427521,0.02051598832851345,0.7768319928507597,0.27054289662316494,0.17742031575811737,0.6964551683050343,0.2743818885910039,0.02916294310396187,0.029159261379040274
node_failure,Reactive,0.25,1.0791524955330978,833.0433690481068,0.8295746938448304,0.01989425403390145,0.7870047661602622,0.2732076444950097,0.1807864164432529,0.6987488829311885,0.2723264819779565,0.02892463509085493,0.04376901527246438
node_failure,PIGT-DT (graph),0.5,1.1292771548080298,887.5827723155246,0.82141366905181,0.02185733309155012,0.7961791831357049,0.2730576673010233,0.1873078612209047,0.6803249890206412,0.287044356609574,0.0326306543697848,0.03157614247013368
node_failure,no graph,0.5,1.1384946508492004,888.7706945526146,0.8259788417760991,0.022203004064626178,0.7863746157224418,0.2719726484966679,0.18612209046991657,0.6789196310935441,0.2935441370223979,0.02753623188405797,0.030465870231380733
node_failure,Reactive,0.5,1.104149877889605,880.4111731602826,0.8207486891399828,0.021859760337146716,0.7977602108036891,0.2735349051659173,0.19011857707509883,0.6800175669740887,0.2932806324110672,0.026701800614844094,0.04552116178887063
