part,model,kind,seed,tag,testset,MAE_ac_h1,RMSE_ac_h1,MAE_ac_h2,RMSE_ac_h2,MAE_op_h1,RMSE_op_h1,MAE_op_h2,RMSE_op_h2,MAE_pdr_ac,MAE_pdr_op,MAE_log10ber_ac,MAE_log10ber_op,MAE_thr_op_kbps,MAE_thr_ac_kbps,NLL,CRPS,cov90,width90
main,PIGT-DT,single,0,,test_id,0.5974952578544617,0.7879655361175537,0.6619729399681091,0.871912956237793,2.5339601039886475,3.5285046100616455,3.6391146183013916,5.184820175170898,0.016111648179107138,0.03040445369992121,0.11977241860221631,0.240808650567995,136.51599711264623,0.06444659271642855,1.7271199226379395,1.0123275204993682,0.9401168937384053,6.451544284820557
main,PIGT-DT,single,0,,test_ood,0.6143537759780884,0.805878758430481,0.686829149723053,0.8961174488067627,,,,,2.8336844037229936e-43,,0.008380260277906467,,,1.1334737614891975e-42,1.3848392963409424,0.500033447629909,0.9772280092592592,4.218944549560547
main,PIGT-DT,single,1,,test_id,0.6031951308250427,0.7957254648208618,0.6731275320053101,0.884027898311615,2.547194480895996,3.5539703369140625,3.65708065032959,5.220794677734375,0.016074304808286307,0.03075093779796268,0.12042135345274638,0.2432410361142991,138.07171071285242,0.06429721923314523,1.7456218004226685,1.0229694036531514,0.9459715545271389,6.754826068878174
main,PIGT-DT,single,1,,test_ood,0.6270043253898621,0.8202187418937683,0.6943808197975159,0.9042720794677734,,,,,7.673220859792245e-43,,0.008824660772081652,,,3.069288343916898e-42,1.3631646633148193,0.49842168679498694,0.9690538194444445,3.994080066680908
main,PIGT-DT,single,2,,test_id,0.6037868857383728,0.7944962978363037,0.6694913506507874,0.878637969493866,2.5313193798065186,3.5242035388946533,3.6483232975006104,5.215909004211426,0.016119907238985185,0.030278294362722228,0.12000206896595465,0.24109001124741786,135.94954168862282,0.06447962895594074,1.7310988903045654,1.016500864957176,0.9374937663322096,6.425865650177002
main,PIGT-DT,single,2,,test_ood,0.61262047290802,0.8035135865211487,0.6817182302474976,0.8900921940803528,,,,,1.5419013944591485e-43,,0.008325914518096325,,,6.167605577836594e-43,1.332391619682312,0.48671516141097004,0.9654224537037037,3.837446689605713
main,PIGT-DT ensemble x1,ens_k,0,,test_id,0.5974952578544617,0.7879655361175537,0.6619729399681091,0.871912956237793,2.5339601039886475,3.5285046100616455,3.6391146183013916,5.184820175170898,0.016111648179107138,0.03040445369992121,0.11977241860221631,0.240808650567995,136.51599711264623,0.06444659271642855,1.7271199226379395,1.0123275204993682,0.9401168937384053,6.451544284820557
main,PIGT-DT ensemble x1,ens_k,0,,test_ood,0.6143537759780884,0.805878758430481,0.686829149723053,0.8961174488067627,,,,,2.8336844037229936e-43,,0.008380260277906467,,,1.1334737614891975e-42,1.3848392963409424,0.500033447629909,0.9772280092592592,4.218944549560547
main,PIGT-DT ensemble x2,ens_k,0,,test_id,0.5976409316062927,0.7889811396598816,0.6646031141281128,0.8747115731239319,2.5350444316864014,3.5339195728302,3.6401314735412598,5.191629409790039,0.01603064196407505,0.030503931611063913,0.11960316715638894,0.24146058851849317,136.96265293367696,0.0641225678563002,1.7342923879623413,1.0149309154193729,0.9445552652051624,6.623565673828125
main,PIGT-DT ensemble x2,ens_k,0,,test_ood,0.6184608936309814,0.8105641007423401,0.6886426210403442,0.8980474472045898,,,,,4.467424351408083e-43,,0.008571924208080268,,,1.7869697405632332e-42,1.3733007907867432,0.49820079355493274,0.9738570601851851,4.115023612976074
main,PIGT-DT ensemble x3,ens,0,,test_id,0.5978540778160095,0.7888668179512024,0.6638832092285156,0.8735330700874329,2.527798652648926,3.521911859512329,3.6349334716796875,5.188724040985107,0.016044096523234765,0.030374875406041054,0.11962974726711466,0.24092053490534898,136.38319057312432,0.06417638609293906,1.7312403917312622,1.0129710406630332,0.9435479044902356,6.575429916381836
main,PIGT-DT ensemble x3,ens,0,,test_ood,0.6145739555358887,0.8061973452568054,0.6848004460334778,0.8937420845031738,,,,,2.76777429871529e-43,,0.00844961419976814,,,1.107109719486116e-42,1.359223484992981,0.49354897425493177,0.9720486111111111,4.0304083824157715
main,PIGT-DT ensemble x5,ens_k,0,,test_id,0.5985813140869141,0.7894790768623352,0.6642740964889526,0.8741036057472229,2.5245628356933594,3.5169193744659424,3.629702568054199,5.183622360229492,0.016050491210359015,0.03029577385796523,0.1196391605497214,0.24017318149539946,136.0280246222639,0.06420196484143606,1.7288883924484253,1.0114371195600573,0.9419720332728252,6.509749412536621
main,PIGT-DT ensemble x5,ens_k,0,,test_ood,0.6185884475708008,0.8106740713119507,0.6911991834640503,0.9012630581855774,,,,,2.7438624726333444e-43,,0.008507024089016362,,,1.0975449890533378e-42,1.3625034093856812,0.4963261807961386,0.9714265046296297,4.029872417449951
main,PIGT-DT,single,0,,test_id,0.5974952578544617,0.7879655361175537,0.6619729399681091,0.871912956237793,2.5339601039886475,3.5285046100616455,3.6391146183013916,5.184820175170898,0.016111648179107138,0.03040445369992121,0.11977241860221631,0.240808650567995,136.51599711264623,0.06444659271642855,1.7271199226379395,1.0123275204993682,0.9401168937384053,6.451544284820557
main,PIGT-DT,single,0,,test_ood,0.6143537759780884,0.805878758430481,0.686829149723053,0.8961174488067627,,,,,2.8336844037229936e-43,,0.008380260277906467,,,1.1334737614891975e-42,1.3848392963409424,0.500033447629909,0.9772280092592592,4.218944549560547
main,Physics-only,single,0,,test_id,0.8129597306251526,1.0414844751358032,0.8705844283103943,1.1174678802490234,2.9585189819335938,4.243378162384033,4.343096733093262,6.347062587738037,0.021980889722155245,0.034831847992792625,0.16206207686230925,0.27950339117752476,156.39499748763893,0.08792355888862098,,,,
main,Physics-only,single,0,,test_ood,0.8307709097862244,1.061087727546692,0.8978413343429565,1.1491020917892456,,,,,2.9333057384900854e-34,,0.011237190891937237,,,1.1733222953960342e-33,,,,
main,Data-only,single,0,,test_id,0.6224240660667419,0.8180573582649231,0.6994754076004028,0.9121134877204895,2.5268208980560303,3.511624813079834,3.6406805515289307,5.193301200866699,0.01674367178376437,0.030346372162915372,0.12468079424404503,0.24037302073686403,136.25521101149002,0.06697468713505748,,,,
main,Data-only,single,0,,test_ood,0.6448712348937988,0.8403010368347168,0.7245277762413025,0.9393082857131958,,,,,1.0023027965214916e-42,,0.008885382246092147,,,4.0092111860859663e-42,,,,
main,Data-only,single,1,,test_id,0.6217218041419983,0.8153296709060669,0.6913452744483948,0.9023292660713196,2.524848461151123,3.515925168991089,3.657179117202759,5.215362548828125,0.016902762460670278,0.0303528710991541,0.12443009282399131,0.2393415170595956,136.28439123520192,0.06761104984268111,,,,
main,Data-only,single,1,,test_ood,0.6354540586471558,0.827751874923706,0.7056955099105835,0.9151886105537415,,,,,2.334551435009863e-43,,0.00864333599577742,,,9.338205740039452e-43,,,,
main,Data-only,single,2,,test_id,0.6194655299186707,0.8130423426628113,0.6900088787078857,0.9005659222602844,2.5356991291046143,3.533503770828247,3.665921688079834,5.234745025634766,0.01679097955776745,0.030206017683079272,0.12424691452090313,0.2390059518827333,135.62501939702594,0.0671639182310698,,,,
main,Data-only,single,2,,test_ood,0.6339404582977295,0.8277328610420227,0.7119019031524658,0.9237493276596069,,,,,1.077472622138409e-42,,0.008720293905477003,,,4.309890488553636e-42,,,,
main,LSTM,single,0,,test_id,0.6168287396430969,0.8074706792831421,0.6835893392562866,0.892109751701355,2.544083595275879,3.5488760471343994,3.6741206645965576,5.258077621459961,0.016761699769315123,0.030333564318675794,0.12356089939172174,0.2419707074084278,136.19770379085432,0.0670467990772605,,,,
main,LSTM,single,0,,test_ood,0.6283398866653442,0.8188060522079468,0.6956943273544312,0.9021574258804321,,,,,1.7035776551920976e-42,,0.008578710393395243,,,6.81431062076839e-42,,,,
main,LSTM,single,1,,test_id,0.6187793612480164,0.8101930022239685,0.6950365900993347,0.9065054655075073,2.52241587638855,3.5157310962677,3.6291122436523438,5.176120281219482,0.01672807810119797,0.03024225059980255,0.12426240360619584,0.23835292934328142,135.78770519311345,0.06691231240479188,,,,
main,LSTM,single,1,,test_ood,0.6358134150505066,0.8277661800384521,0.7160365581512451,0.9266523122787476,,,,,9.671648211015277e-43,,0.008735652846708932,,,3.868659284406111e-42,,,,
main,LSTM,single,2,,test_id,0.620514452457428,0.8109228610992432,0.6864656805992126,0.8949226140975952,2.5150158405303955,3.4938573837280273,3.6273205280303955,5.164397716522217,0.01672148026546387,0.030209039588605196,0.12365255435424963,0.23986122736630142,135.63858775283734,0.06688592106185548,,,,
main,LSTM,single,2,,test_ood,0.6278342604637146,0.8181051015853882,0.6981616020202637,0.904919445514679,,,,,9.764847892251992e-43,,0.008556501726518865,,,3.905939156900797e-42,,,,
main,GRU,single,0,,test_id,0.6177201271057129,0.8105111122131348,0.6943615674972534,0.906403660774231,2.5331735610961914,3.5323400497436523,3.664527416229248,5.241255283355713,0.01669043453602774,0.03045178255216737,0.12418891782900524,0.23940146818684369,136.7285036592315,0.06676173814411096,,,,
main,GRU,single,0,,test_ood,0.6379761099815369,0.8309478759765625,0.7192017436027527,0.9308599829673767,,,,,2.897032935622425e-42,,0.008824170117265835,,,1.15881317424897e-41,,,,
main,GRU,single,1,,test_id,0.6160548329353333,0.8080826997756958,0.6891622543334961,0.8987283110618591,2.5407609939575195,3.555926561355591,3.664968967437744,5.262616157531738,0.016628018999300127,0.030355049250127487,0.12313090247211193,0.24099152855993344,136.29417113307244,0.0665120759972005,,,,
main,GRU,single,1,,test_ood,0.6266995668411255,0.8174945712089539,0.6992183327674866,0.9065868854522705,,,,,5.6229847811245105e-43,,0.008548473179068176,,,2.2491939124498042e-42,,,,
main,GRU,single,2,,test_id,0.616118848323822,0.8073161840438843,0.6890836358070374,0.8986955881118774,2.524179220199585,3.52229380607605,3.641364812850952,5.208817481994629,0.016579598533086784,0.03011252225630703,0.12275860127407935,0.23727264152006122,135.20522493081856,0.06631839413234714,,,,
main,GRU,single,2,,test_ood,0.6292725801467896,0.8206894993782043,0.7000470161437988,0.9074618816375732,,,,,1.760066790876495e-42,,0.008655704028719438,,,7.04026716350598e-42,,,,
main,TCN,single,0,,test_id,0.6247663497924805,0.8193802237510681,0.6975222826004028,0.9087953567504883,2.5281505584716797,3.5225436687469482,3.6493377685546875,5.204234600067139,0.016861375252691463,0.030475856027463746,0.12520679446768135,0.23879039993217333,136.83659356331225,0.06744550101076585,,,,
main,TCN,single,0,,test_ood,0.648493766784668,0.8433316946029663,0.7218048572540283,0.9340113401412964,,,,,1.3235713027405203e-42,,0.00880424286811093,,,5.2942852109620813e-42,,,,
main,TCN,single,1,,test_id,0.6271436810493469,0.8214336633682251,0.6982858777046204,0.910395622253418,2.513817548751831,3.497640609741211,3.62127685546875,5.161036491394043,0.016922524338883513,0.030680357068899815,0.12487860257299564,0.23980166771558972,137.75480323936014,0.06769009735553405,,,,
main,TCN,single,1,,test_ood,0.6421924829483032,0.8378079533576965,0.7146579623222351,0.9264305233955383,,,,,2.961072132250906e-42,,0.008841676560827285,,,1.1844288529003623e-41,,,,
main,TCN,single,2,,test_id,0.6336984634399414,0.8287376165390015,0.7002004981040955,0.9120572805404663,2.5214173793792725,3.509793996810913,3.648486852645874,5.201424598693848,0.016931912710387978,0.030658084867456258,0.12590290033346974,0.23999172250316284,137.65480105487862,0.06772765084155191,,,,
main,TCN,single,2,,test_ood,0.6784639358520508,0.8787067532539368,0.7621234655380249,0.9814057946205139,,,,,5.625533334842014e-42,,0.009881917455700986,,,2.2502133339368056e-41,,,,
main,Transformer,single,0,,test_id,0.6264893412590027,0.8180608153343201,0.6958369016647339,0.9063697457313538,2.5326313972473145,3.521174192428589,3.6592702865600586,5.225658893585205,0.017104404847437867,0.03045556820477841,0.1261195270531831,0.23921143273693357,136.74550123945505,0.06841761938975147,,,,
main,Transformer,single,0,,test_ood,0.6349725723266602,0.8268283605575562,0.7049814462661743,0.9131850004196167,,,,,2.927490880902624e-43,,0.008652527501217264,,,1.1709963523610497e-42,,,,
main,Transformer,single,1,,test_id,0.6274653673171997,0.8215987682342529,0.6946654915809631,0.9065610766410828,2.5204825401306152,3.493900775909424,3.6268844604492188,5.152835369110107,0.017014184768064468,0.030982051896415067,0.12658424985616765,0.24067233192707102,139.10941301490365,0.06805673907225787,,,,
main,Transformer,single,1,,test_ood,0.6419281959533691,0.8354142308235168,0.7064061760902405,0.9153363108634949,,,,,1.2359978681139009e-42,,0.008778663639563663,,,4.9439914724556035e-42,,,,
main,Transformer,single,2,,test_id,0.6232271790504456,0.8148046135902405,0.6945402026176453,0.9038380980491638,2.5317764282226562,3.5193593502044678,3.6582648754119873,5.22143030166626,0.016779514499648717,0.030435114452394604,0.12481972887401882,0.2403431193480781,136.65366389125177,0.06711805799859487,,,,
main,Transformer,single,2,,test_ood,0.6326598525047302,0.8249992728233337,0.6976734399795532,0.9046148657798767,,,,,1.2700129697153095e-42,,0.00869045005679546,,,5.080051878861238e-42,,,,
main,GNN,single,0,,test_id,0.7229480743408203,0.9390782713890076,0.7781709432601929,1.010759711265564,2.9724948406219482,4.257673740386963,4.334273338317871,6.312072277069092,0.021952739543541735,0.03555173636785398,0.16314020235989066,0.28480965344934067,159.62729629166438,0.08781095817416694,,,,
main,GNN,single,0,,test_ood,1.0129165649414062,1.2579573392868042,1.17374587059021,1.4482187032699585,,,,,1.0156380418729554e-31,,0.0119037657533074,,,4.062552167491822e-31,,,,
main,GNN,single,1,,test_id,0.72370445728302,0.9398815035820007,0.7791582942008972,1.0113688707351685,2.9728615283966064,4.258871555328369,4.331929683685303,6.310924530029297,0.021926991117862553,0.035553733453510636,0.16277344417797351,0.28496676257607007,159.63626320626275,0.08770796447145021,,,,
main,GNN,single,1,,test_ood,0.9723736643791199,1.2098822593688965,1.129673957824707,1.393107533454895,,,,,1.992005838073501e-31,,0.012368619763720022,,,7.968023352294004e-31,,,,
main,GNN,single,2,,test_id,0.7262888550758362,0.9422143697738647,0.7815912365913391,1.0138158798217773,2.971299171447754,4.25438928604126,4.331556797027588,6.30487060546875,0.021909609017878647,0.03555428763527971,0.16316658542556894,0.28470411491542486,159.63875148240587,0.08763843607151459,,,,
main,GNN,single,2,,test_ood,1.0247344970703125,1.272141456604004,1.188416838645935,1.465293288230896,,,,,1.7328803688994434e-31,,0.012008876901112995,,,6.931521475597773e-31,,,,
