reward,goodput,pdr,ber,energy,latency,viol,mode_ac,mode_op,mode_hyb,switch_rate,iter,episodes,time_s
-1.1035656356808585,301.5136806397129,0.42811244513477503,0.07210036797484129,1.1113932291666666,0.21039066273163728,0.5796006944444444,0.35494791666666664,0.3501736111111111,0.29487847222222224,0.829002808988764,0,16,0.2478475570678711
-1.1218395015624374,300.5299574116004,0.44435530075814184,0.06506160538912086,1.1118706597222223,0.2495140693839849,0.5653645833333333,0.38723958333333336,0.3098090277777778,0.3029513888888889,0.8243504213483146,1,32,3.5584936141967773
-0.8588797867533668,405.4875210286055,0.4763574453201692,0.05451734712548759,1.1124565972222222,0.23998683982685212,0.5328993055555555,0.40616319444444443,0.30269097222222224,0.2911458333333333,0.8249648876404494,2,48,6.230642795562744
-0.9361118694428892,332.60414101407366,0.505462994853277,0.04964934711875719,1.1115234375,0.2725598211299745,0.5115451388888889,0.4176215277777778,0.26553819444444443,0.3168402777777778,0.808813202247191,3,64,9.057252645492554
-0.6663839110661413,465.31666472921427,0.5321404322553543,0.03919674924885106,1.1124348958333334,0.2793326696085344,0.48029513888888886,0.40034722222222224,0.27196180555555555,0.3276909722222222,0.8017029494382022,4,80,12.035935640335083
-0.518995163257382,537.330309573802,0.5636690518566975,0.033065609679146325,1.1128689236111111,0.29757117286904355,0.45720486111111114,0.42256944444444444,0.26536458333333335,0.3120659722222222,0.7761587078651685,5,96,14.906823635101318
-0.33167361752279034,581.5116730826089,0.6173457338979462,0.0292292662360444,1.1133246527777778,0.2985328541141576,0.4048611111111111,0.44895833333333335,0.2724826388888889,0.2785590277777778,0.7404318820224719,6,112,17.40006399154663
-0.1855196258988231,561.2228541831522,0.680091994895494,0.024481404438565255,1.1100043402777777,0.2784218417790065,0.3509548611111111,0.49991319444444443,0.24348958333333334,0.2565972222222222,0.6869733146067416,7,128,20.17729425430298
0.014902681605220635,679.8041833808496,0.7179641150243756,0.02033679419032862,1.0904079861111111,0.31608634598342966,0.30963541666666666,0.5387152777777777,0.25668402777777777,0.20460069444444445,0.6300035112359551,8,144,23.191943883895874
0.26629907611881215,783.6851207201069,0.7444103066235764,0.014497648582362934,1.081228298611111,0.3114201764237715,0.2881944444444444,0.5505208333333333,0.25928819444444445,0.19019097222222223,0.6125351123595506,9,160,25.957004070281982
0.11232040484758087,635.385044721996,0.7671567090096238,0.012990553608676238,1.0723741319444444,0.3418577479626563,0.2625,0.6089409722222222,0.20711805555555557,0.18394097222222222,0.5909410112359551,10,176,28.47049617767334
0.5088537779421032,759.7859716420974,0.7946391359969173,0.011589999568109747,1.0846571180555555,0.27995933686099583,0.2337673611111111,0.5860243055555555,0.23055555555555557,0.1834201388888889,0.6119206460674157,11,192,31.2200984954834
0.7606378633590184,685.6101625474408,0.8882042793603644,0.008034626574243068,1.059939236111111,0.25297408152343165,0.1290798611111111,0.6460069444444444,0.18506944444444445,0.16892361111111112,0.5696980337078652,12,208,34.07925629615784
0.46842281193100693,671.4260725054999,0.8379771855873789,0.008273113822949978,1.0209635416666667,0.3145626390805949,0.19392361111111112,0.6591145833333333,0.1896701388888889,0.15121527777777777,0.5329178370786517,13,224,36.91531753540039
0.4086495552683674,616.9233146411401,0.8524043094499446,0.007118701998656576,1.027170138888889,0.336990722523043,0.17473958333333334,0.67109375,0.1798611111111111,0.1490451388888889,0.5213307584269663,14,240,39.6668918132782
0.7862150830266794,885.120287078821,0.8401516097807941,0.007353255252506706,0.9910373263888889,0.29776792681546543,0.19565972222222222,0.62890625,0.24036458333333333,0.13072916666666667,0.49490870786516855,15,256,42.64741849899292
1.0926898144366433,1001.5742436900698,0.8824617218397511,0.003994183386080323,1.0175130208333334,0.2981601710026069,0.153125,0.640625,0.24288194444444444,0.11649305555555556,0.4883251404494382,16,272,45.35525631904602
1.033942432331973,980.5939326217601,0.8645689729903945,0.005467019196888135,0.9952256944444444,0.3017100126955868,0.1625,0.6354166666666666,0.24809027777777778,0.11649305555555556,0.4725245786516854,17,288,48.15860915184021
0.6550302994219845,707.3277598374706,0.866902131981595,0.005560159799862261,0.9568359375,0.33034211356969106,0.16137152777777777,0.7109375,0.1859375,0.103125,0.42327949438202245,18,304,50.79933023452759
1.1043827186539668,845.1340909344467,0.8927672581619094,0.004370940195010942,0.9050564236111112,0.2626902158742832,0.13446180555555556,0.6783854166666666,0.22430555555555556,0.09730902777777778,0.3810568820224719,19,320,53.570560693740845
0.43319900186469057,631.7097288205275,0.8489886643364413,0.005914646894785593,0.8983940972222222,0.36345232334944355,0.18680555555555556,0.7402777777777778,0.17317708333333334,0.08654513888888889,0.3572682584269663,20,336,56.29457497596741
0.9320840635686694,805.0455550086654,0.8751813582626272,0.004767261143654704,0.9125434027777778,0.27994043271745067,0.15963541666666667,0.6883680555555556,0.22682291666666668,0.08480902777777778,0.3670997191011236,21,352,59.23318672180176
0.995062731068641,897.0992481527417,0.8680448343972529,0.004062082089695575,0.9023871527777778,0.3014249264930757,0.16927083333333334,0.6826388888888889,0.23897569444444444,0.07838541666666667,0.347875702247191,22,368,61.85151672363281
0.6479985907798262,708.7128472924326,0.8422101939821456,0.005417730753802095,0.8963107638888889,0.3238753927378059,0.19210069444444444,0.7090277777777778,0.21145833333333333,0.07951388888888888,0.3342696629213483,23,384,64.78749823570251
1.1678721696776428,1108.0040161014906,0.8571894652746683,0.0035624819652327285,0.9404296875,0.34104131302763147,0.18940972222222222,0.6561631944444445,0.28020833333333334,0.06362847222222222,0.34252106741573035,24,400,67.70821619033813
0.9568998941510518,799.6003130710038,0.8748683442394131,0.003935697650425365,0.8779513888888889,0.3020326014178391,0.15416666666666667,0.7249131944444445,0.22100694444444444,0.05407986111111111,0.30609199438202245,25,416,70.50060701370239
1.1487213374250431,1015.8674902174072,0.8457347704686796,0.00344726300871301,0.9236979166666667,0.32101132610271566,0.17864583333333334,0.6808159722222222,0.26276041666666666,0.05642361111111111,0.3245259831460674,26,432,73.3397364616394
0.8916677502271554,835.9113918524216,0.8422599669914145,0.004292743871614351,0.9109592013888889,0.3187223799421556,0.18975694444444444,0.7103298611111111,0.2421875,0.04748263888888889,0.30942766853932585,27,448,76.2094898223877
1.1800145495271543,1004.3110940786105,0.8750893785792471,0.002361935224858882,0.9207899305555556,0.3322138860506407,0.16041666666666668,0.71328125,0.24618055555555557,0.040538194444444446,0.2850245786516854,28,464,78.8602728843689
0.9825260480835779,895.2752305787865,0.8479049123558021,0.003407518142911567,0.9062282986111111,0.34297813412152767,0.18628472222222223,0.7108506944444445,0.2456597222222222,0.04348958333333333,0.2757198033707865,29,480,81.79808354377747
0.6495723290594889,690.0134596201484,0.8363199384632118,0.0026094603610257706,0.8975043402777778,0.3813126188908119,0.19348958333333333,0.7731770833333333,0.19427083333333334,0.032552083333333336,0.25500351123595505,30,496,84.5619204044342
1.2334797978519194,920.3509218573722,0.8866690228568568,0.002066103582409204,0.8249131944444444,0.31466645374366475,0.14184027777777777,0.7438368055555555,0.23012152777777778,0.026041666666666668,0.20821629213483145,31,512,87.51463723182678
1.3025084323067777,958.5523878514313,0.8817477328965337,0.0025839006518284737,0.8259765625,0.3063585700963414,0.15243055555555557,0.7160590277777777,0.26059027777777777,0.023350694444444445,0.19408356741573032,32,528,90.48998641967773
1.3334210797442867,1058.6712754678517,0.8552093407949143,0.0021614715642917347,0.8708550347222223,0.33703788638496623,0.17673611111111112,0.7015625,0.2751736111111111,0.02326388888888889,0.20409058988764045,33,544,93.45190525054932
1.2915066065071177,965.8973250406907,0.8628522064125229,0.002213780327992049,0.8527777777777777,0.30088485151714817,0.16805555555555557,0.7142361111111111,0.26371527777777776,0.022048611111111113,0.19952598314606743,34,560,96.18268179893494
1.3461228903485771,1050.9434828027004,0.86426098967123,0.0019044189669976588,0.8616319444444445,0.3283006085506894,0.16163194444444445,0.7097222222222223,0.26927083333333335,0.021006944444444446,0.19267907303370788,35,576,98.8854546546936
0.568426101802949,546.6428806801583,0.8572239293209948,0.0023039172284448003,0.83671875,0.37870617967975717,0.17421875,0.8315104166666667,0.15052083333333333,0.01796875,0.18433988764044945,36,592,101.6000144481659
0.7105469274811983,586.8651457641388,0.8678081952317688,0.002160513318254412,0.8037760416666667,0.3580473686758359,0.15894097222222223,0.8194444444444444,0.1644965277777778,0.016059027777777776,0.17310393258426968,37,608,104.55240082740784
1.4717105474535237,992.2437987812235,0.9103973722901594,0.0012402412711639656,0.7657335069444444,0.3037778532516696,0.11796875,0.7395833333333334,0.2465277777777778,0.013888888888888888,0.12974016853932585,38,624,107.49601578712463
1.3981355061697682,1034.951006340873,0.8663357370885019,0.0016099762815159802,0.8218098958333333,0.30764939664627095,0.16267361111111112,0.7144097222222222,0.2769965277777778,0.00859375,0.13746488764044945,39,640,110.29701924324036
1.2631038929236011,863.0866376559001,0.8930149568285387,0.0014321552168488475,0.7922092013888888,0.2830393629266877,0.1388888888888889,0.75546875,0.23619791666666667,0.008333333333333333,0.13026685393258428,40,656,113.20143818855286
1.5169403059501945,1099.0112093682123,0.8809297384984627,0.0012193207891201977,0.8030815972222223,0.3185065397661801,0.14574652777777777,0.7145833333333333,0.2764756944444444,0.008940972222222222,0.1288623595505618,41,672,116.1557867527008
1.6242026182158364,1169.922181614968,0.866691061222492,0.0019122594185975554,0.8215928819444445,0.26633115711243605,0.17048611111111112,0.6800347222222223,0.3118923611111111,0.008072916666666667,0.12227879213483146,42,688,118.98336148262024
1.266398807735309,984.9174282492569,0.8536227970402783,0.0016106207664563974,0.8044270833333333,0.3358749277293676,0.1796875,0.7383680555555555,0.2564236111111111,0.005208333333333333,0.12333216292134831,43,704,121.58475184440613
1.406462083478325,1032.750648533249,0.8542054054363561,0.001857892032181067,0.8079644097222223,0.2877287482806644,0.17421875,0.7052083333333333,0.28793402777777777,0.006857638888888889,0.12157654494382023,44,720,124.48136734962463
1.321715603390623,930.3064011210126,0.8811065955739555,0.00182125913903368,0.7776041666666667,0.30966554370043026,0.14088541666666668,0.7532986111111111,0.24131944444444445,0.005381944444444444,0.11086727528089887,45,736,127.19637441635132
1.6934371762336973,1167.0164458250115,0.896550605893113,0.001229308690209888,0.7716579861111111,0.2815427627577992,0.1326388888888889,0.6994791666666667,0.2951388888888889,0.005381944444444444,0.09515449438202248,46,752,129.91651916503906
1.4067450307781675,966.9663383054753,0.888069235814998,0.0014401401657099084,0.7491102430555555,0.2977206011659066,0.1404513888888889,0.7357638888888889,0.2596354166666667,0.004600694444444445,0.08233848314606741,47,768,132.6615698337555
1.5163151201874803,1075.2112065169454,0.8794074298083779,0.0013176246855438076,0.7672960069444444,0.3034639502434799,0.1545138888888889,0.7091145833333333,0.2863715277777778,0.0045138888888888885,0.08523525280898876,48,784,135.3454234600067
0.8257401357200236,629.4921482455914,0.8637762027708142,0.0019884498002586495,0.7483506944444445,0.34032942144734385,0.17196180555555557,0.815625,0.17977430555555557,0.004600694444444445,0.09427668539325842,49,800,138.02021384239197
1.3107892402138064,865.5825647530069,0.8882665862084953,0.0013344777339759938,0.7197265625,0.29621410332649734,0.13159722222222223,0.7631944444444444,0.23315972222222223,0.0036458333333333334,0.07154143258426966,50,816,140.65251326560974
1.196911607883961,817.3096358588127,0.8859291247794747,0.0012180289404844795,0.7337890625,0.33798613844219694,0.1371527777777778,0.7918402777777778,0.20425347222222223,0.00390625,0.06416783707865169,51,832,143.26438236236572
1.1162964264115927,829.2186784583479,0.8728944622101102,0.0011115735233986547,0.7611979166666667,0.3312542176523266,0.16666666666666666,0.7778645833333333,0.21840277777777778,0.003732638888888889,0.07979283707865169,52,848,145.78519821166992
1.1355896623614394,810.710473189783,0.8682973602339293,0.0007344326833651757,0.7425130208333334,0.34894306700062905,0.15269097222222222,0.7895833333333333,0.2074652777777778,0.002951388888888889,0.05705758426966292,53,864,148.36987447738647
1.2567368034378934,846.0829589389618,0.8936506104707004,0.0005481269534632812,0.7265190972222222,0.3186677025207558,0.13559027777777777,0.7831597222222222,0.21449652777777778,0.00234375,0.060042134831460675,54,880,150.9798345565796
1.3989670989017202,914.9560801357416,0.8829420828273205,0.0011897419016024741,0.7512369791666667,0.2796790791110798,0.14678819444444444,0.7394965277777777,0.2587673611111111,0.001736111111111111,0.06478230337078651,55,896,153.49748921394348
1.8041580525053382,1211.9739845005156,0.8956259967796865,0.0006598770140104225,0.7458116319444444,0.2833940885413655,0.13359375,0.6984375,0.2990451388888889,0.0025173611111111113,0.05170294943820225,56,912,155.95115089416504
1.0650637517231487,777.537928584944,0.8840107723024259,0.0005813474783277365,0.7289713541666667,0.33691068632192417,0.15833333333333333,0.7936631944444444,0.20442708333333334,0.0019097222222222222,0.06416783707865169,57,928,158.76719880104065
1.1535881446374647,950.89865129905,0.8501891487720906,0.0005947046497409101,0.7677951388888888,0.3892405357353659,0.18480902777777777,0.7647569444444444,0.2342013888888889,0.0010416666666666667,0.059076544943820225,58,944,161.69541215896606
1.2336526527210034,843.3852056573544,0.871705842695854,0.0010035065617665922,0.7529296875,0.31807315386441765,0.15633680555555557,0.7753472222222222,0.22361111111111112,0.0010416666666666667,0.053809691011235956,59,960,164.6195149421692
1.4081535710836182,952.5797329854499,0.8838766000573303,0.0005669688569967062,0.7537109375,0.31005174452863443,0.13506944444444444,0.7573784722222222,0.24053819444444444,0.0020833333333333333,0.06811797752808989,60,976,167.27944254875183
1.2512555437796566,899.1685047613124,0.882962904400207,0.0005795918229467476,0.778515625,0.3357241080992683,0.14756944444444445,0.7739583333333333,0.22430555555555556,0.001736111111111111,0.07092696629213484,61,992,169.9496784210205
1.6070440796615668,1088.9354194520004,0.8927698702099879,0.0006989551896757958,0.7732421875,0.30115119890223935,0.1332465277777778,0.7211805555555556,0.2760416666666667,0.002777777777777778,0.0722436797752809,62,1008,172.54015493392944
0.9535273848092457,698.3223394142952,0.8780176221058417,0.00064745451574019,0.7612413194444444,0.364279833453904,0.14652777777777778,0.8173611111111111,0.18090277777777777,0.001736111111111111,0.07575491573033707,63,1024,175.32764387130737
1.4582459709241966,985.9699087231688,0.8956270365203471,0.0006767062133345034,0.7554036458333333,0.302021715776521,0.13394097222222223,0.7448784722222223,0.2525173611111111,0.0026041666666666665,0.07048806179775281,64,1040,177.92337155342102
1.8434363639398346,1189.1797729575912,0.8930380039396539,0.000935126381525766,0.7349609375,0.2641375636145461,0.12230902777777777,0.6916666666666667,0.3064236111111111,0.0019097222222222222,0.05503862359550562,65,1056,180.75499272346497
0.8783199621582412,617.2694436602477,0.8691772885563034,0.00045061548391294674,0.7334852430555555,0.3514621428355961,0.15121527777777777,0.8361111111111111,0.16215277777777778,0.001736111111111111,0.04766502808988764,66,1072,183.47948908805847
1.392422602482124,1000.787494261866,0.8707161786516872,0.0006545542699670334,0.7497612847222223,0.3203178827682343,0.15442708333333333,0.7342881944444445,0.2640625,0.0016493055555555556,0.05038623595505618,67,1088,186.0831241607666
1.5445157188157541,944.1542423871941,0.8993328458573526,0.0008679985456655182,0.726171875,0.26411050358616134,0.1193576388888889,0.7440104166666667,0.2547743055555556,0.0012152777777777778,0.04468047752808989,68,1104,188.91979455947876
1.266873157871431,847.407378404637,0.8878205803677853,0.0009496316263781819,0.7301649305555555,0.30338915852841597,0.14817708333333332,0.7668402777777777,0.23177083333333334,0.001388888888888889,0.05003511235955056,69,1120,191.68087315559387
1.434022323816841,1049.254353886471,0.864239688566529,0.0009058461113931317,0.7681640625,0.3279020617331334,0.16180555555555556,0.7238715277777777,0.275,0.0011284722222222221,0.05442415730337079,70,1136,194.25708889961243
1.4180553348111167,871.9335483285528,0.8934127126295139,0.0005900944882676968,0.7311414930555555,0.27413516563012996,0.1296875,0.7597222222222222,0.2388888888888889,0.001388888888888889,0.04626053370786517,71,1152,196.87071776390076
1.2055207449213021,845.4398056419707,0.8763100628098821,0.0007602504909168217,0.7421440972222222,0.3373807680593476,0.1506076388888889,0.7777777777777778,0.22057291666666667,0.0016493055555555556,0.047401685393258425,72,1168,199.70080852508545
1.447530562730403,1042.855918630425,0.8569624289652897,0.0006683906476880422,0.785546875,0.31382790375980735,0.17057291666666666,0.7296006944444444,0.26848958333333334,0.0019097222222222222,0.05407303370786517,73,1184,202.5077702999115
1.0669826898059636,825.4343910274577,0.8377325908458592,0.0008258847767222012,0.7913628472222223,0.3311408838385127,0.19322916666666667,0.7691840277777777,0.22907986111111112,0.001736111111111111,0.053283005617977525,74,1200,205.01954913139343
1.3288337760364786,882.7221885503787,0.8805919669917937,0.0011081913746103951,0.7719401041666667,0.2983490451784026,0.14305555555555555,0.7610243055555556,0.2376736111111111,0.0013020833333333333,0.05266853932584269,75,1216,207.58918476104736
1.140996967785425,757.0308608238381,0.8698400212244592,0.0008140147309811838,0.7657769097222222,0.3074249093052346,0.1546875,0.7765625,0.2224826388888889,0.0009548611111111111,0.04915730337078652,76,1232,210.23117017745972
1.2795981070914293,930.20415872221,0.8622981260665886,0.0007038996294137839,0.7657552083333333,0.3512840207204786,0.15538194444444445,0.7676215277777778,0.23168402777777777,0.0006944444444444445,0.04485603932584269,77,1248,212.92351746559143
1.1817180283470605,921.7553196703362,0.8419435905127066,0.0007102407712730736,0.7940538194444444,0.35134351684595944,0.18506944444444445,0.7634548611111112,0.23524305555555555,0.0013020833333333333,0.04459269662921348,78,1264,215.7205309867859
1.5903283026319353,1085.310621775986,0.8998934590871663,0.00035045543189070403,0.7305555555555555,0.33638859332583443,0.12005208333333334,0.7417534722222222,0.2568576388888889,0.001388888888888889,0.03590238764044944,79,1280,218.40999126434326
1.654786386411902,1203.0604200408536,0.8570607968799964,0.0006885377892964278,0.7870442708333333,0.29921491142459605,0.17161458333333332,0.6814236111111112,0.3172743055555556,0.0013020833333333333,0.04029143258426966,80,1296,221.18342280387878
1.273880224708153,952.0241649130039,0.8532775164450447,0.0007000708038278096,0.7837890625,0.3289495157955934,0.17282986111111112,0.7417534722222222,0.25633680555555555,0.0019097222222222222,0.05249297752808989,81,1312,223.99136805534363
1.1465949960951864,828.0730356037925,0.8590770623946614,0.000874191842769017,0.7850477430555556,0.3267485260077032,0.16432291666666668,0.7668402777777777,0.23168402777777777,0.0014756944444444444,0.0586376404494382,82,1328,226.7660572528839
1.262588606176418,901.935126166588,0.8645584202165287,0.0006358944325405569,0.7735026041666667,0.3333199052477671,0.16397569444444443,0.7580729166666667,0.24097222222222223,0.0009548611111111111,0.04424157303370786,83,1344,229.78039383888245
1.769030103166667,1226.5931569484817,0.8665167750360586,0.0006636544608225902,0.8143446180555556,0.27341145425169616,0.1578125,0.6761284722222223,0.3221354166666667,0.001736111111111111,0.05881320224719101,84,1360,232.52447724342346
0.780163201126472,576.3544355423746,0.860454769138873,0.0005309683398896112,0.7624565972222223,0.36251954910318446,0.15737847222222223,0.8403645833333333,0.15876736111111112,0.0008680555555555555,0.05056179775280899,85,1376,235.23313117027283
1.2369697146315333,1015.9045113221241,0.8293607453849259,0.00041952439279989797,0.8076822916666667,0.371639649372519,0.19635416666666666,0.7405381944444445,0.2586805555555556,0.00078125,0.042134831460674156,86,1392,238.0747652053833
1.7823395121409842,1238.6942467786266,0.8593839213639447,0.0006825964442551009,0.7676649305555555,0.29138137717029616,0.15946180555555556,0.6803819444444444,0.3190972222222222,0.0005208333333333333,0.03827247191011236,87,1408,240.79960012435913
1.2659506891419072,888.8390691576086,0.8805190089562587,0.0005396781789940837,0.7514973958333333,0.33692449912736266,0.14418402777777778,0.7760416666666666,0.22274305555555557,0.0012152777777777778,0.044066011235955056,88,1424,243.59860038757324
1.4581698723612233,1069.847401990693,0.8617747344870663,0.000392866853344657,0.7674479166666667,0.35025104442867216,0.15963541666666667,0.7375,0.26171875,0.00078125,0.03967696629213483,89,1440,246.27291893959045
1.3486332136804033,944.4994585934807,0.8718497054814349,0.0003806335922266919,0.7428385416666666,0.3248737612429549,0.14557291666666666,0.7608506944444444,0.2384548611111111,0.0006944444444444445,0.03107443820224719,90,1456,248.84519720077515
1.6178238835518464,1176.5307741238582,0.8556847202045346,0.0006089350236444995,0.7855685763888889,0.31475164942265477,0.17352430555555556,0.7003472222222222,0.29913194444444446,0.0005208333333333333,0.035287921348314606,91,1472,251.39854860305786
1.970731585606758,1376.1765828936927,0.8629353274922709,0.0007277042109021415,0.8016927083333333,0.26836216067181906,0.16458333333333333,0.63203125,0.36770833333333336,0.00026041666666666666,0.038009129213483143,92,1488,253.95047903060913
1.0587999356521995,785.2747552195088,0.859934997834801,0.0005438070227110536,0.7689453125,0.3471083183591033,0.1662326388888889,0.79140625,0.2078125,0.00078125,0.04318820224719101,93,1504,256.519727230072
1.3033160961996777,895.0743517801486,0.8761375889328061,0.0006074696655959331,0.7584635416666666,0.3230192364532393,0.14227430555555556,0.7627604166666667,0.2365451388888889,0.0006944444444444445,0.03362008426966292,94,1520,259.22537302970886
1.2524726878305923,850.293739823879,0.8848902474735351,0.0006238157721344074,0.7399305555555555,0.3194109965603683,0.13723958333333333,0.7734375,0.2263888888888889,0.00017361111111111112,0.036253511235955056,95,1536,261.76988554000854
1.196264074550167,817.2371224627558,0.8756612405992079,0.0005499299086339297,0.7444444444444445,0.32511807170655027,0.1467013888888889,0.7816840277777778,0.21762152777777777,0.0006944444444444445,0.04064255617977528,96,1552,264.4911594390869
1.2844024418076376,930.5509287975337,0.8721953476816205,0.000508568119753082,0.7613932291666666,0.33806947873662463,0.15572916666666667,0.7555555555555555,0.24409722222222222,0.00034722222222222224,0.029582162921348316,97,1568,267.3172011375427
1.1282512339159547,787.1234886793303,0.861966098303448,0.00032240715197363456,0.7480034722222222,0.33887311606293946,0.1527777777777778,0.7981770833333334,0.20147569444444444,0.00034722222222222224,0.025105337078651684,98,1584,270.19354486465454
1.5223009667669385,1032.233722684986,0.880638588852573,0.0004155693876184964,0.7583767361111111,0.3047469366449087,0.1427951388888889,0.7328125,0.2668402777777778,0.00034722222222222224,0.032742275280898875,99,1600,272.95682764053345
1.2680267279783326,938.328408991092,0.8681102140306387,0.0004380310837577974,0.7479383680555556,0.3494915557632099,0.15651041666666668,0.7599826388888888,0.23897569444444444,0.0010416666666666667,0.037921348314606744,100,1616,275.4990780353546
1.1499718135342332,779.2631026374078,0.8795458368858287,0.0005504471539958737,0.7293402777777778,0.3296389427747957,0.14253472222222222,0.7916666666666666,0.20798611111111112,0.00034722222222222224,0.026509831460674156,101,1632,278.1897895336151
1.3073067577327862,805.1927720120447,0.9067351573519229,0.00037600716978154124,0.6858506944444445,0.30624721004066624,0.10954861111111111,0.7942708333333334,0.20555555555555555,0.00017361111111111112,0.02475421348314607,102,1648,280.98481369018555
1.2192796721230545,904.0931767860088,0.8600707074979157,0.00040163620781366377,0.7693793402777778,0.3354674887967833,0.17074652777777777,0.75859375,0.24088541666666666,0.0005208333333333333,0.03941362359550562,103,1664,284.1299979686737
1.388703755548191,992.5672016448173,0.8531939558718054,0.0005358121884850868,0.7778211805555556,0.29170238541630183,0.18654513888888888,0.7188368055555555,0.28055555555555556,0.0006076388888888889,0.04160814606741573,104,1680,286.91748905181885
1.6833932653912476,1106.938806901602,0.9099273474885962,0.0002791067960228583,0.7386284722222223,0.29982713585095744,0.11423611111111111,0.7278645833333334,0.271875,0.00026041666666666666,0.03414676966292135,105,1696,289.636474609375
1.3856111525349917,852.2564497312928,0.9078413945798814,0.0004488814907053252,0.7060329861111111,0.2769733899092917,0.11623263888888889,0.7747395833333334,0.225,0.00026041666666666666,0.02949438202247191,106,1712,292.3637886047363
1.0451444546533408,746.8654466372213,0.8636023460150619,0.00023902339585712325,0.7538411458333333,0.3362338175659488,0.1558159722222222,0.8072916666666666,0.19236111111111112,0.00034722222222222224,0.037658005617977525,107,1728,295.13615107536316
1.0066488699327212,893.0484952074505,0.8195408556328513,0.00026796426053653195,0.8014973958333333,0.41568160646045965,0.20546875,0.7815972222222223,0.2183159722222222,8.680555555555556e-05,0.025895365168539325,108,1744,297.64623379707336
1.0619367081520334,745.0704907684802,0.8792233977985237,0.0002849979825034299,0.7366319444444445,0.3540900251170678,0.14427083333333332,0.8128472222222223,0.18697916666666667,0.00017361111111111112,0.025456460674157303,109,1760,300.4796190261841
1.302905983380795,913.2310680131302,0.8874205841197474,0.00022271920668718413,0.7436414930555556,0.33418617618047075,0.1375,0.7719618055555556,0.22760416666666666,0.00043402777777777775,0.02361306179775281,110,1776,302.9886770248413
1.3864196608943435,918.7144730330248,0.8960844190289906,0.0002748625086212126,0.7278645833333334,0.30979760195024064,0.12265625,0.7761284722222223,0.22335069444444444,0.0005208333333333333,0.03204002808988764,111,1792,305.6792275905609
1.2472268229195809,944.530054054171,0.8608139850210714,0.00027480334588845146,0.7700954861111111,0.3503536656770753,0.16657986111111112,0.7608506944444444,0.2388888888888889,0.00026041666666666666,0.035990168539325844,112,1808,308.3181233406067
0.9870504540663835,711.8263429670906,0.863547682334119,0.00024180575601484913,0.7437065972222222,0.34991347637097553,0.15416666666666667,0.8212673611111111,0.17838541666666666,0.00034722222222222224,0.025895365168539325,113,1824,311.0401906967163
1.5508131260813418,1008.3510335609711,0.8957449306397106,0.00021913718746600095,0.7310329861111111,0.2963105966652734,0.11996527777777778,0.7504340277777778,0.24869791666666666,0.0008680555555555555,0.028967696629213485,114,1840,313.8171236515045
1.2227167351395043,784.1172707606265,0.9019463797934211,0.00021363456788930018,0.7217013888888889,0.31079932421378154,0.11067708333333333,0.8019965277777777,0.19756944444444444,0.00043402777777777775,0.025719803370786515,115,1856,316.4724168777466
1.5183371913150672,986.6039541509523,0.894869825942198,0.00022877516443201655,0.7352864583333333,0.29733649769007875,0.12065972222222222,0.7534722222222222,0.2462673611111111,0.00026041666666666666,0.025632022471910113,116,1872,319.16865849494934
1.2736631518164312,929.8437106344694,0.8751809975982426,0.0002498495622592403,0.7454861111111111,0.354185405726517,0.14878472222222222,0.7743923611111111,0.225,0.0006076388888888889,0.027036516853932584,117,1888,321.77279472351074
1.1856385896736128,988.5751906133288,0.8222071962591612,0.00025279849374516296,0.8225260416666667,0.3839179305033201,0.1984375,0.74921875,0.2503472222222222,0.00043402777777777775,0.02694873595505618,118,1904,324.54246854782104
0.7661237178296204,575.8145473370433,0.8667776027287074,0.00023265144545508458,0.7345052083333333,0.37752890003661355,0.15234375,0.8453125,0.1545138888888889,0.00017361111111111112,0.026860955056179775,119,1920,327.1105844974518
1.7327084913974176,1130.4982388178053,0.8984051347197111,0.00019415428309115106,0.7659288194444445,0.271583268448692,0.11423611111111111,0.7136284722222223,0.2855902777777778,0.00078125,0.03344452247191011,120,1936,330.0399351119995
1.2300820912598753,873.1147334701834,0.8740811824493964,0.00022358550963724925,0.7536892361111112,0.33522252167278577,0.14270833333333333,0.7759548611111111,0.22369791666666666,0.00034722222222222224,0.03063553370786517,121,1952,332.6569256782532
1.247188616245904,918.1822071469214,0.870125403152045,0.0002624542227909136,0.7595920138888889,0.3521429677931097,0.14991319444444445,0.7760416666666666,0.22361111111111112,0.00034722222222222224,0.03028441011235955,122,1968,335.3481435775757
1.601781653359007,1077.8025260568468,0.8786178389702671,0.0002609846577793491,0.7685329861111111,0.2833241629237296,0.13967013888888888,0.7306423611111111,0.2686631944444444,0.0006944444444444445,0.029757724719101125,123,1984,337.95420694351196
1.5268479176687406,919.5465042810021,0.9086240439980308,0.00019804922922433225,0.7213324652777777,0.26356263893385024,0.10486111111111111,0.7677083333333333,0.23194444444444445,0.00034722222222222224,0.024139747191011238,124,2000,340.95544052124023
1.5025163843204306,1041.3097902154104,0.8731074370969856,0.00012443585360656678,0.7777777777777778,0.310421696162227,0.13975694444444445,0.7365451388888888,0.2630208333333333,0.00043402777777777775,0.029845505617977528,125,2016,343.6887242794037
1.0831813419611012,634.8061667477135,0.8913187548103584,0.00020633429200339623,0.7019314236111112,0.28426499630685664,0.12109375,0.8217881944444444,0.17769097222222222,0.0005208333333333333,0.026246488764044944,126,2032,346.3561706542969
1.3530012432670258,944.9101332591641,0.8805911760649872,0.0002257031671486676,0.7541883680555556,0.30848918721347157,0.14270833333333333,0.76015625,0.23940972222222223,0.00043402777777777775,0.03283005617977528,127,2048,349.0316574573517
0.9699604706639491,678.4996801385086,0.8760138632829262,0.00021178076600118643,0.7384982638888888,0.3477447683261978,0.14444444444444443,0.8215277777777777,0.17838541666666666,8.680555555555556e-05,0.02361306179775281,128,2064,351.83004808425903
1.3793996312105312,904.7543953881864,0.8844321220659673,0.0002888654963391827,0.7389322916666666,0.28244996534440786,0.1323784722222222,0.7535590277777777,0.24574652777777778,0.0006944444444444445,0.02914325842696629,129,2080,354.665326833725
1.4607115636511916,1011.007872123592,0.8740365185137471,0.0002383051349961816,0.7540581597222222,0.29617800167680847,0.1462673611111111,0.7334201388888889,0.2659722222222222,0.0006076388888888889,0.024139747191011238,130,2096,357.423189163208
1.4578451846583929,1122.2709739539353,0.8451972216052103,0.00023806085343919313,0.8016710069444445,0.34358666082834044,0.17421875,0.7052951388888888,0.2943576388888889,0.00034722222222222224,0.02993328651685393,131,2112,360.1030304431915
1.4357796538628744,1016.6369201598372,0.8780157269290259,0.0002525751442866873,0.7706597222222222,0.32347722403002116,0.14505208333333333,0.7447916666666666,0.25494791666666666,0.00026041666666666666,0.022208567415730338,132,2128,362.9489657878876
1.3830339650653052,893.8415848906193,0.9059431007477516,0.00014721442547692916,0.7226345486111111,0.3200552158760225,0.10399305555555556,0.7822916666666667,0.21753472222222223,0.00017361111111111112,0.022910814606741572,133,2144,365.60610365867615
1.068762488692214,728.3120945515062,0.8857452455764944,0.00018927952344693967,0.7111979166666667,0.3485919932264418,0.13116319444444444,0.8184895833333333,0.18133680555555556,0.00017361111111111112,0.019662921348314606,134,2160,368.22362089157104
1.2431869597467495,968.026649375836,0.8661036818728033,0.00023136881975679535,0.7590711805555556,0.37501812717538163,0.16171875,0.7665798611111111,0.23324652777777777,0.00017361111111111112,0.024315308988764044,135,2176,370.98087453842163
1.0633583561442217,795.0027553659207,0.8650520257809925,0.00019713167364362633,0.7603081597222222,0.35178511778787286,0.15729166666666666,0.7995659722222223,0.20017361111111112,0.00026041666666666666,0.03476123595505618,136,2192,373.50999116897583
1.4953530128309744,1060.949754750047,0.860697110259982,0.00025646489619790596,0.7786458333333334,0.2963817529250428,0.15850694444444444,0.7262152777777777,0.2734375,0.00034722222222222224,0.028967696629213485,137,2208,376.3584442138672
1.2547127629308585,913.8158629304116,0.8732553295928305,0.00032490140670243854,0.7618923611111111,0.3331499471139705,0.1486111111111111,0.7590277777777777,0.2400173611111111,0.0009548611111111111,0.03607794943820225,138,2224,378.99672079086304
0.9818291106535396,647.8702990935003,0.8935136055441679,0.00022148450151786194,0.7184244791666666,0.34151978273257366,0.12734375,0.8381076388888888,0.16145833333333334,0.00043402777777777775,0.023525280898876403,139,2240,381.69486689567566
1.5035470410706315,954.0428190380117,0.8988492700477815,0.0003473136892540927,0.7345052083333333,0.2690907868868092,0.11822916666666666,0.7462673611111111,0.2532986111111111,0.00043402777777777775,0.02361306179775281,140,2256,384.11857295036316
1.5652096121675392,987.7647500471794,0.8997925981938809,0.00031113404738510655,0.7078342013888889,0.2759572628362674,0.11788194444444444,0.74609375,0.25373263888888886,0.00017361111111111112,0.02168188202247191,141,2272,386.6690905094147
1.6969512581814885,1173.9556258191915,0.8848786541262093,0.0003535729034073116,0.7462456597222222,0.31633660206494757,0.13776041666666666,0.7108506944444445,0.28897569444444443,0.00017361111111111112,0.020804073033707866,142,2288,389.49407625198364
0.8824932635341096,675.5774358839033,0.8504896984466681,0.0003990599941751253,0.7649088541666667,0.3635989372029447,0.16805555555555557,0.8245659722222223,0.17526041666666667,0.00017361111111111112,0.027563202247191013,143,2304,392.0106289386749
1.2662100061050363,766.3456839019436,0.9107567639303279,0.00024287176924528582,0.7085069444444444,0.2920947746681236,0.10625,0.8025173611111112,0.19722222222222222,0.00026041666666666666,0.023964185393258428,144,2320,394.7919671535492
1.0176532478717513,763.850827409223,0.8400503584648665,0.0006195323492037623,0.7865017361111111,0.33280851657331434,0.18263888888888888,0.7684027777777778,0.23133680555555555,0.00026041666666666666,0.0371313202247191,145,2336,397.44232416152954
1.0371687738535167,783.6717114592288,0.8471764108838399,0.00037392964890580496,0.7725694444444444,0.352955900476936,0.17473958333333334,0.7913194444444445,0.20833333333333334,0.00034722222222222224,0.028616573033707866,146,2352,400.0299689769745
1.7965905693745023,1215.5790006671275,0.8806811980094914,0.00028400714042550376,0.7529079861111111,0.28770500939590987,0.134375,0.7003472222222222,0.29930555555555555,0.00034722222222222224,0.021242977528089887,147,2368,402.9523048400879
1.0474938189271326,724.8531166718387,0.8608724547082036,0.0003443008023490887,0.7366536458333334,0.3416186158544608,0.15269097222222222,0.8065104166666667,0.1931423611111111,0.00034722222222222224,0.02282303370786517,148,2384,405.59794783592224
1.3994754904361812,993.3258846388007,0.8707473019546953,0.0004398552679070016,0.7751519097222223,0.33460573054796006,0.15104166666666666,0.7389756944444444,0.26067708333333334,0.00034722222222222224,0.02501755617977528,149,2400,408.1718316078186
1.4107862656091823,894.124863392686,0.8813299487872598,0.00045817816061214734,0.7274522569444445,0.27337150372470825,0.13802083333333334,0.7637152777777778,0.2359375,0.00034722222222222224,0.021155196629213485,150,2416,410.6648943424225
1.0127593248336895,774.6146095132019,0.8568854983817323,0.0003021239148551582,0.7546875,0.371878524925404,0.1605902777777778,0.8038194444444444,0.19583333333333333,0.00034722222222222224,0.020014044943820225,151,2432,413.152783870697
1.3177823880357797,884.7267478931925,0.8843315208361129,0.0004874307405932981,0.7459852430555556,0.30647310134936245,0.13802083333333334,0.7662326388888889,0.23368055555555556,8.680555555555556e-05,0.020979634831460675,152,2448,415.7380464076996
0.8811261694966458,691.0987671766342,0.843394150255806,0.0002897726062915845,0.7630642361111111,0.34487172715166264,0.17890625,0.7936631944444444,0.20590277777777777,0.00043402777777777775,0.028616573033707866,153,2464,418.248619556427
1.4089092140910182,951.776193723585,0.8760077083147723,0.0004998037216239955,0.7519314236111111,0.3014526340858431,0.13836805555555556,0.74921875,0.2506076388888889,0.00017361111111111112,0.020014044943820225,154,2480,420.70689034461975
0.7959307823954611,524.2907947687604,0.8819055885360192,0.0003298159523579613,0.7120225694444444,0.3566567399371533,0.13272569444444443,0.86015625,0.13940972222222223,0.00043402777777777775,0.018521769662921347,155,2496,423.24577140808105
1.2573834648417537,791.498141485083,0.8897150199210194,0.0003191661690578103,0.7130425347222222,0.3037584842832801,0.12065972222222222,0.7943576388888889,0.20555555555555555,8.680555555555556e-05,0.018258426966292134,156,2512,425.90684056282043
1.3875529092833685,960.6476566150639,0.8616510126613375,0.0005840781460956036,0.7684895833333333,0.2907994903255226,0.16293402777777777,0.7338541666666667,0.2660590277777778,8.680555555555556e-05,0.020189606741573034,157,2528,428.5571656227112
1.0996917042107357,854.083314828387,0.8441591471388165,0.00034193189842654373,0.7890407986111111,0.3589195153836316,0.17612847222222222,0.7714409722222222,0.22855902777777778,0.0,0.01834620786516854,158,2544,431.2773652076721
1.3452183993955418,883.329588603705,0.8726070729738773,0.0007069682233640135,0.7914713541666667,0.2692569591168699,0.15130208333333334,0.7417534722222222,0.25807291666666665,0.00017361111111111112,0.027299859550561797,159,2560,433.8651249408722
1.9059693685810344,1201.3481933904363,0.9025634415078398,0.0005619753284985824,0.7451171875,0.2435720659281142,0.11414930555555555,0.6875868055555555,0.31223958333333335,0.00017361111111111112,0.020452949438202247,160,2576,436.4858295917511
1.566234365992217,1024.5346421665283,0.8974143600659501,0.00032785282210587877,0.7501085069444444,0.2901453088022562,0.12230902777777777,0.7400173611111112,0.2598958333333333,8.680555555555556e-05,0.019838483146067416,161,2592,439.1113920211792
1.1573026834588345,869.8997076131352,0.8573042495033213,0.00025708712807268047,0.7540798611111111,0.34575811114644883,0.1618923611111111,0.7689236111111111,0.23081597222222222,0.00026041666666666666,0.019838483146067416,162,2608,441.6822421550751
1.3994994714327398,907.0553356768784,0.8791421245541339,0.00044262033067509783,0.7444010416666667,0.2757084331015332,0.1421875,0.7482638888888888,0.25147569444444445,0.00026041666666666666,0.026334269662921347,163,2624,444.23376631736755
1.4340066415126194,987.9404442137775,0.8932570870568117,0.00041227901900178716,0.7343532986111111,0.3338853770626975,0.12786458333333334,0.7513888888888889,0.2484375,0.00017361111111111112,0.02519311797752809,164,2640,446.6686725616455
1.5783452798899664,1119.896914495224,0.8819588176366194,0.0003363657897429597,0.7606119791666667,0.31933892780877876,0.14973958333333334,0.7198784722222222,0.2800347222222222,8.680555555555556e-05,0.023525280898876403,165,2656,449.26604557037354
1.4489469519793803,1079.8430500287168,0.8545624256226192,0.0003617263578425174,0.8154947916666667,0.33299608002560854,0.16796875,0.72421875,0.27578125,0.0,0.022735252808988762,166,2672,451.92945647239685
1.1990162398334863,826.1754341654641,0.879660300216229,0.0003855870904169765,0.7328125,0.31078279962275385,0.1439236111111111,0.7783854166666667,0.22144097222222223,0.00017361111111111112,0.020189606741573034,167,2688,454.5309257507324
1.3558297363837264,893.0348131540284,0.8850234082803909,0.0004966528109609817,0.7234375,0.3009879148804392,0.13151041666666666,0.7603298611111111,0.23958333333333334,8.680555555555556e-05,0.01913623595505618,168,2704,457.0779116153717
1.3783538908298778,917.2540186406891,0.8759563414234841,0.00042926617583456987,0.7485243055555556,0.2926797302842715,0.14131944444444444,0.7539930555555555,0.24583333333333332,0.00017361111111111112,0.024315308988764044,169,2720,459.6610379219055
1.409973958857758,931.9580311736399,0.8721002380963317,0.0004013216662853887,0.7463975694444445,0.27405517953771563,0.14678819444444444,0.7443576388888888,0.2556423611111111,0.0,0.01992626404494382,170,2736,462.3685791492462
1.0504608480316864,663.7332315296908,0.8954804311377573,0.00034581317561092743,0.7036458333333333,0.3071644491550899,0.13515625,0.8121527777777777,0.18776041666666668,8.680555555555556e-05,0.015888342696629212,171,2752,465.049751996994
0.9246977821741847,663.0048175869026,0.8636299846873082,0.00035235845345103436,0.7282552083333333,0.34412660754292307,0.1607638888888889,0.8204861111111111,0.17942708333333332,8.680555555555556e-05,0.01544943820224719,172,2768,467.64861607551575
1.402498840188706,978.5807918371481,0.8695131413938358,0.000452733292098967,0.7421657986111111,0.317222942132379,0.14956597222222223,0.74453125,0.25538194444444445,8.680555555555556e-05,0.02071629213483146,173,2784,470.2932288646698
1.2487256419678718,907.745495919034,0.8585666781539483,0.0004692611963362912,0.7593532986111111,0.3361481650226987,0.16744791666666667,0.7609375,0.2390625,0.0,0.020189606741573034,174,2800,472.88880467414856
1.1291009726546906,822.8676821090598,0.8649227594524307,0.00035562461302381164,0.7587239583333333,0.3483542285110642,0.16111111111111112,0.7776909722222223,0.2222222222222222,8.680555555555556e-05,0.019311797752808987,175,2816,475.4556143283844
1.2644135801396554,846.4503396520242,0.8808653615691934,0.0003767465537829519,0.7561414930555556,0.32113203468322743,0.13532986111111112,0.7825520833333334,0.21727430555555555,0.00017361111111111112,0.021594101123595506,176,2832,478.03513979911804
1.0773810869097047,777.6121728623264,0.8623944590264221,0.00045457405221354383,0.7441623263888889,0.3469718141698302,0.15625,0.7919270833333333,0.20798611111111112,8.680555555555556e-05,0.017819522471910113,177,2848,480.6432464122772
1.4958641079747605,991.0214718872229,0.8754341685738132,0.0005749218119814361,0.7308159722222223,0.29301828351511666,0.14314236111111112,0.7333333333333333,0.2665798611111111,8.680555555555556e-05,0.018521769662921347,178,2864,483.3012845516205
1.5277036708054599,1009.3073287814283,0.8935376109851176,0.00045628508414694154,0.7248914930555556,0.29732436253674577,0.1326388888888889,0.7442708333333333,0.2556423611111111,8.680555555555556e-05,0.019399578651685394,179,2880,485.8990845680237
1.3523496063749885,953.8575052220439,0.8535173753621865,0.0005899589790782852,0.76796875,0.3174616570955114,0.16866319444444444,0.7354166666666667,0.26458333333333334,0.0,0.0253686797752809,180,2896,488.56673407554626
1.3087652237092182,893.9416473643299,0.8737899474987216,0.0005360212978973565,0.7384982638888888,0.318896574869918,0.14947916666666666,0.7641493055555556,0.23585069444444445,0.0,0.01834620786516854,181,2912,491.1786530017853
1.7292943562612249,1145.1142293708483,0.8880443604984792,0.0006238218424492354,0.7434895833333334,0.2839083065229709,0.13333333333333333,0.7026041666666667,0.2973090277777778,8.680555555555556e-05,0.019224016853932584,182,2928,493.69515204429626
1.4898138261986573,981.9996450406919,0.8734126775837711,0.0006765764983297092,0.7561631944444445,0.27383613434638404,0.1480034722222222,0.7302083333333333,0.26970486111111114,8.680555555555556e-05,0.02361306179775281,183,2944,496.3044333457947
1.71881430264665,1146.2395955736843,0.8880035155089382,0.000425781832083924,0.7405815972222223,0.286904233196036,0.12977430555555555,0.7092881944444445,0.290625,8.680555555555556e-05,0.0175561797752809,184,2960,498.77432656288147
1.1684489570168515,868.0313316673986,0.8550650202973896,0.0004598717499612636,0.7523871527777778,0.34027235098707376,0.17352430555555556,0.7671006944444444,0.2328125,8.680555555555556e-05,0.019399578651685394,185,2976,501.22631883621216
1.464791317463905,1057.5741531464037,0.8462768772793356,0.0006385492293648547,0.7773871527777778,0.31407566180625507,0.16987847222222222,0.7183159722222222,0.28142361111111114,0.00026041666666666666,0.024666432584269662,186,2992,503.747278213501
1.2597780233300364,905.110072682926,0.8453451567763136,0.0005525085971130638,0.7895182291666667,0.3052067437281538,0.18116319444444445,0.7329861111111111,0.26675347222222223,0.00026041666666666666,0.028616573033707866,187,3008,506.227637052536
1.5039890886665066,1031.567188657501,0.8715522330264438,0.0006727378874479619,0.7570095486111111,0.30326135359160455,0.15112847222222223,0.7249131944444445,0.27491319444444445,0.00017361111111111112,0.028002106741573034,188,3024,508.7027199268341
1.471664584586278,1054.413890540628,0.8509966247548282,0.0005775112742599833,0.7780381944444444,0.32731998159209813,0.1681423611111111,0.7227430555555555,0.2769097222222222,0.00034722222222222224,0.02475421348314607,189,3040,511.0677146911621
1.316357904388819,911.8641682056174,0.8760717259848203,0.00041031681370037735,0.7474175347222223,0.32548922347445597,0.15008680555555556,0.7636284722222222,0.2361111111111111,0.00026041666666666666,0.019487359550561797,190,3056,513.548876285553
1.439371272551231,1026.5717199671863,0.8679026800533567,0.0004384091491013281,0.776953125,0.3261162009652338,0.15555555555555556,0.7383680555555555,0.2613715277777778,0.00026041666666666666,0.021242977528089887,191,3072,515.9503219127655
1.3201280213264224,840.9173838783221,0.8828120621473213,0.0005983182369927896,0.7504340277777778,0.2790277037776552,0.15442708333333333,0.7583333333333333,0.24149305555555556,0.00017361111111111112,0.02405196629213483,192,3088,518.5522427558899
1.3773395978683651,946.5338874472887,0.8743331324970863,0.0005780275620811928,0.7577907986111111,0.30668429228285843,0.15355902777777777,0.7477430555555555,0.2520833333333333,0.00017361111111111112,0.025280898876404494,193,3104,521.1250326633453
1.6781076668814567,1174.917047722337,0.853172050729352,0.0006141490406639072,0.7849175347222223,0.2671506731650318,0.1762152777777778,0.6717881944444445,0.32786458333333335,0.00034722222222222224,0.0253686797752809,194,3120,523.5288090705872
1.4123369511960597,949.1937881438474,0.8789946694803766,0.00039467199606296727,0.750390625,0.30711614647087737,0.14661458333333333,0.7510416666666667,0.24887152777777777,8.680555555555556e-05,0.018872893258426966,195,3136,526.0179569721222
1.1618830287040471,735.3859753046065,0.894578339847085,0.0003907607667079184,0.7008029513888889,0.3289765070854838,0.11796875,0.8085069444444445,0.1912326388888889,0.00026041666666666666,0.01641502808988764,196,3152,528.5229694843292
1.8303855426938822,1269.2094808054383,0.8763780722972226,0.0003405021962688821,0.7623263888888889,0.30415168025554973,0.14192708333333334,0.68203125,0.3177951388888889,0.00017361111111111112,0.0215063202247191,197,3168,531.045147895813
1.5264310539076271,1050.6747950059168,0.858890124627595,0.0005614899828305894,0.7591796875,0.3009490779169773,0.16050347222222222,0.7184027777777777,0.28133680555555557,0.00026041666666666666,0.022910814606741572,198,3184,533.5939605236053
0.9821213287267218,653.9907946093068,0.8715631612232067,0.000348240080507047,0.7190538194444445,0.3183806819463731,0.15164930555555556,0.8237847222222222,0.17604166666666668,0.00017361111111111112,0.020014044943820225,199,3200,536.1432354450226
1.4558748538857296,974.6302785786193,0.8888895314207524,0.00033641572326871945,0.7295355902777778,0.3200720887333906,0.12664930555555556,0.7564236111111111,0.24348958333333334,8.680555555555556e-05,0.020804073033707866,200,3216,538.6853721141815
2.084284938773038,1419.7829828046586,0.8736008764317021,0.00044030460217451195,0.7815538194444445,0.2744421034072136,0.1440972222222222,0.6421875,0.35772569444444446,8.680555555555556e-05,0.02405196629213483,201,3232,541.2263629436493
1.281917574858257,955.4944915008019,0.8651949004969696,0.00023968278185538763,0.7708333333333334,0.3592025080701477,0.15338541666666666,0.7636284722222222,0.2361111111111111,0.00026041666666666666,0.02378862359550562,202,3248,543.7589566707611
0.9536095058389478,653.6302205234473,0.8726353449333184,0.00033395067268344656,0.7321831597222223,0.3369406483555723,0.14505208333333333,0.83046875,0.16935763888888888,0.00017361111111111112,0.02326193820224719,203,3264,546.4010810852051
1.219130274902682,882.9128789221949,0.8598702184649211,0.00028553668010676526,0.7480251736111111,0.33804604730503846,0.16475694444444444,0.7697916666666667,0.23012152777777778,8.680555555555556e-05,0.023525280898876403,204,3280,549.0346829891205
0.6760098238390617,517.4388908575156,0.8585654808627967,0.00027394264153272717,0.749609375,0.36380310675342004,0.1675347222222222,0.8551215277777777,0.14479166666666668,8.680555555555556e-05,0.021945224719101125,205,3296,551.7309720516205
1.4766779082626615,976.3654630058975,0.8830751993642856,0.0003167620209449026,0.7442491319444444,0.31080898050817485,0.13229166666666667,0.7590277777777777,0.24097222222222223,0.0,0.016502808988764044,206,3312,554.296012878418
1.0390203781705927,728.3455669286905,0.8673660369186436,0.00028169061759041145,0.7288628472222223,0.3507426648103932,0.1480034722222222,0.81640625,0.18350694444444443,8.680555555555556e-05,0.01694171348314607,207,3328,556.8221509456635
1.2198534171644029,754.2962681200323,0.8932818515677667,0.00028578683668719485,0.7101128472222222,0.300934130585031,0.12395833333333334,0.8104166666666667,0.18949652777777778,8.680555555555556e-05,0.015361657303370786,208,3344,559.3580694198608
1.5370701685265147,1003.4261389975076,0.8956156284969865,0.00018486010509131026,0.7188151041666667,0.29649894166262375,0.12335069444444445,0.7514756944444444,0.2482638888888889,0.00026041666666666666,0.02071629213483146,209,3360,561.9450452327728
1.3202753799310365,914.9743543046259,0.8753754524027869,0.00019755562225599098,0.7407986111111111,0.3320702976696251,0.14574652777777777,0.7703993055555556,0.22951388888888888,8.680555555555556e-05,0.020277387640449437,210,3376,564.5226624011993
1.506958008419394,1001.3539167124801,0.8909772994816343,0.00010741408437142887,0.7132161458333334,0.31185371586223404,0.12526041666666668,0.7594618055555555,0.24053819444444444,0.0,0.013254915730337078,211,3392,567.1372849941254
1.4488516197754402,943.9586117698252,0.9067062895009258,0.0001959115867472242,0.7161241319444445,0.3096893141006698,0.11710069444444444,0.7701388888888889,0.22951388888888888,0.00034722222222222224,0.020540730337078653,212,3408,569.8005986213684
1.1311143292914196,706.0061092143146,0.8916960148984502,0.0002103680025330359,0.6963975694444444,0.30269893440577045,0.125,0.8098958333333334,0.19001736111111112,8.680555555555556e-05,0.019224016853932584,213,3424,572.3198888301849
1.2983125429501852,890.4890915541648,0.8825709226205128,0.0002938796717701721,0.7553819444444444,0.3294548652552143,0.13411458333333334,0.7736979166666667,0.2261284722222222,0.00017361111111111112,0.018960674157303372,214,3440,574.8399076461792
1.071850628105315,613.4206818450787,0.9192747643589109,0.00028206182475284437,0.6722873263888889,0.3009153030856661,0.10364583333333334,0.8379340277777778,0.1618923611111111,0.00017361111111111112,0.018697331460674156,215,3456,577.3694777488708
1.2299898626742602,856.6977546303647,0.8682721998825887,0.00020762015488602772,0.7596137152777778,0.309666254085109,0.15815972222222222,0.7790798611111112,0.22083333333333333,8.680555555555556e-05,0.023964185393258428,216,3472,579.8998112678528
1.3922741619241648,958.8604951656682,0.8816521410608227,0.00021319179467719801,0.7488064236111112,0.3180144996031162,0.13828125,0.7483506944444445,0.2515625,8.680555555555556e-05,0.01913623595505618,217,3488,582.543121099472
1.2886137315349329,863.3660598166109,0.8762754694704471,0.00016535748818439906,0.7256293402777778,0.3304763625212301,0.13828125,0.7791666666666667,0.22074652777777778,8.680555555555556e-05,0.012816011235955056,218,3504,585.1217715740204
1.155464360818891,850.7543961803113,0.8677064743034987,0.00017918565549882202,0.7425347222222223,0.3606904189545282,0.15130208333333334,0.7907118055555555,0.20928819444444444,0.0,0.015010533707865169,219,3520,587.812831401825
1.537108228941789,990.7291647948001,0.897637885674794,0.00021852196035136332,0.7179253472222222,0.3023475641440159,0.11675347222222222,0.7634548611111112,0.23645833333333333,8.680555555555556e-05,0.018697331460674156,220,3536,590.4226200580597
1.7854459582987463,1277.7028910614347,0.8704269073952118,0.00017304177742519806,0.7755208333333333,0.3029118381848832,0.1488715277777778,0.68125,0.31866319444444446,8.680555555555556e-05,0.019838483146067416,221,3552,593.0691168308258
1.408143345712539,908.2153319455942,0.9008408651452586,0.00013848499052256146,0.7260416666666667,0.30495728423786467,0.12196180555555555,0.7821180555555556,0.21779513888888888,8.680555555555556e-05,0.018521769662921347,222,3568,595.7470729351044
1.3295148303010658,888.0196674098947,0.8854270437061403,0.00016769741964630538,0.7448350694444444,0.3122713534623444,0.13168402777777777,0.7785590277777777,0.22126736111111112,0.00017361111111111112,0.01659058988764045,223,3584,598.3408620357513
1.6074796257354838,1092.8614005868571,0.8860720728868184,0.00013691675986669946,0.7476996527777777,0.2968240822687485,0.13576388888888888,0.7291666666666666,0.2707465277777778,8.680555555555556e-05,0.02247191011235955,224,3600,600.8862528800964
1.390758299977949,1028.2547995466302,0.8611197534786212,0.0001470482625976874,0.7722873263888889,0.34821090098515445,0.16041666666666668,0.7493923611111111,0.2506076388888889,0.0,0.021945224719101125,225,3616,603.4292659759521
1.1381978317068415,752.3303064648835,0.8917754611355094,0.00011552626892285257,0.7137152777777778,0.35089315281271893,0.1203125,0.8211805555555556,0.17873263888888888,8.680555555555556e-05,0.013693820224719102,226,3632,606.0036787986755
1.5483514019527342,1002.6941290642594,0.9095494394907433,0.00021960954735036447,0.7431640625,0.29880997400506365,0.11180555555555556,0.7563368055555556,0.24366319444444445,0.0,0.026422050561797753,227,3648,608.6729311943054
1.0557852703844146,772.1537748301309,0.8606995200410071,0.00013990361253320556,0.7651041666666667,0.34732129181136695,0.1640625,0.80859375,0.19140625,0.0,0.020189606741573034,228,3664,611.4532332420349
1.8388581822102799,1217.9178658722024,0.9064750144649208,9.202611990199492e-05,0.7273003472222223,0.2999405367908607,0.11076388888888888,0.7111111111111111,0.2887152777777778,0.00017361111111111112,0.015888342696629212,229,3680,613.942535161972
1.6964302489684775,1148.932859543135,0.8875952241590276,0.00013372451255647827,0.7345052083333333,0.31475009058539805,0.12734375,0.7261284722222222,0.2737847222222222,8.680555555555556e-05,0.01676615168539326,230,3696,616.3634164333344
1.5467937392530695,1094.1701015763747,0.8851508567523273,0.00014647396543593895,0.7589192708333333,0.3353312380784618,0.14244791666666667,0.7397569444444444,0.26006944444444446,0.00017361111111111112,0.02071629213483146,231,3712,618.9059059619904
1.5834900924209665,940.2189827631289,0.9236543393948033,0.0001485168191807892,0.6907118055555556,0.26509228819581443,0.09574652777777778,0.7759548611111111,0.22395833333333334,8.680555555555556e-05,0.016678370786516853,232,3728,621.5281734466553
0.9740191935663145,673.0966137510715,0.889080141349053,0.00014325498322294303,0.7044921875,0.3559688293245363,0.12864583333333332,0.8317708333333333,0.1681423611111111,8.680555555555556e-05,0.01992626404494382,233,3744,624.2067203521729
1.0394362054164061,746.2218362754053,0.8781737804980632,7.714815905610142e-05,0.7307942708333334,0.3593291265962416,0.1412326388888889,0.8170138888888889,0.1828125,0.00017361111111111112,0.021242977528089887,234,3760,626.82239818573
1.3859744341795543,938.8301545489107,0.8825183136463396,9.01200530957912e-05,0.7386284722222223,0.31759562646499007,0.12986111111111112,0.7729166666666667,0.22708333333333333,0.0,0.021769662921348316,235,3776,629.3517084121704
1.2619917447946638,826.5866123776358,0.8768993459899485,0.00015497767310986268,0.7392578125,0.30546649920973606,0.13862847222222222,0.7971354166666667,0.20277777777777778,8.680555555555556e-05,0.021418539325842697,236,3792,632.0225193500519
1.8764180875129797,1146.7234427952048,0.9291235858759832,0.00012211915651633628,0.7076171875,0.2554527959246223,0.08333333333333333,0.7209201388888888,0.2790798611111111,0.0,0.017117275280898875,237,3808,634.4970827102661
1.6554407401092948,1157.8675486181044,0.8809716697246166,0.00011722508462602513,0.7579644097222222,0.3114971451756193,0.140625,0.7158854166666667,0.28402777777777777,8.680555555555556e-05,0.02598314606741573,238,3824,637.0607149600983
1.2870912878569734,808.6004662437359,0.8965238135134717,0.00012011122069118495,0.7240017361111111,0.3080037162333419,0.11362847222222222,0.80859375,0.1912326388888889,0.00017361111111111112,0.018521769662921347,239,3840,639.686429977417
1.0627878268196929,742.9540042390271,0.8787271488550565,0.000161829896773353,0.7515190972222222,0.3333436457472156,0.14131944444444444,0.8186631944444445,0.18125,8.680555555555556e-05,0.02326193820224719,240,3856,642.3325479030609
1.2506675005265888,901.5607802508173,0.865289701013854,0.0001054328942887897,0.7522786458333334,0.3468856383211466,0.1517361111111111,0.7789930555555555,0.22100694444444444,0.0,0.02133075842696629,241,3872,644.8823089599609
1.0979116422210113,751.234910150239,0.8913912688641451,4.447016165669068e-05,0.7212022569444444,0.3477177667112553,0.12595486111111112,0.8256944444444444,0.17430555555555555,0.0,0.023349719101123597,242,3888,647.4946715831757
1.5606466104796115,1052.3097253536243,0.8787549814005085,0.00015909327390771662,0.7574869791666666,0.30774440024478494,0.13880208333333333,0.7454861111111111,0.2545138888888889,0.0,0.023700842696629212,243,3904,650.043048620224
1.3833375674126234,996.7548369522433,0.8672661450899044,0.00016047201377182894,0.7798394097222222,0.34347567972395154,0.14939236111111112,0.7625,0.23741319444444445,8.680555555555556e-05,0.020189606741573034,244,3920,652.559454202652
1.242279431185953,911.2224756787305,0.8700067082280133,0.00012165643744868875,0.7619791666666667,0.35614295460458023,0.1488715277777778,0.7842013888888889,0.21579861111111112,0.0,0.024139747191011238,245,3936,655.041347026825
1.1891298457005095,719.6462019530227,0.9105741368883994,0.00015576813605847582,0.6969618055555555,0.31526895594894816,0.10850694444444445,0.8235243055555556,0.17647569444444444,0.0,0.018697331460674156,246,3952,657.5025084018707
0.6504560916839649,558.1611093823755,0.8311719291037264,0.0001497039161054766,0.7564453125,0.40149409381530304,0.18862847222222223,0.8589409722222222,0.1410590277777778,0.0,0.015625,247,3968,659.9551441669464
1.1830414557858002,794.261269313812,0.8804593723236191,0.00015450868227039608,0.7424262152777777,0.32449503456579504,0.13663194444444443,0.7963541666666667,0.20364583333333333,0.0,0.027475421348314606,248,3984,662.5469381809235
1.4364604460685642,929.4766846746594,0.8921794569866456,0.00010210951748280359,0.7231770833333333,0.3137416217833428,0.11770833333333333,0.78046875,0.21953125,0.0,0.02133075842696629,249,4000,665.0386147499084
