kind,level,controller,N,reward,goodput,pdr,ber,energy,latency,viol,mode_ac,mode_op,mode_hyb,switch_rate,goodput_total_kbps,energy_total_J_step
sensor_dropout,0.0,Heuristic,8,0.9257835003766522,798.6189249085305,0.7994098953512079,4.1260124744310864e-05,0.8155092592592592,0.3234169907138522,0.20494791666666667,0.7594328703703703,0.16799768518518518,0.07256944444444445,0.03710205992509363,6388.951399268244,6.524074074074074
sensor_dropout,0.0,Reactive,8,1.3161346465830848,936.6752321405584,0.8583125905680005,0.015734414529285607,0.7704282407407408,0.26107904136365223,0.15355902777777777,0.6915219907407407,0.2760127314814815,0.03246527777777778,0.044066011235955056,7493.401857124467,6.163425925925926
sensor_dropout,0.0,PIGT-DT,8,1.3192276949737103,935.1507959057226,0.8573610180065512,0.015430854067976662,0.7631076388888889,0.2616748815948644,0.15457175925925926,0.6905671296296296,0.27335069444444443,0.03608217592592593,0.029582162921348316,7481.206367245781,6.104861111111111
sensor_dropout,0.0,MAPPO,8,1.1454928822648691,740.6500572506513,0.8978371312437328,7.181460486832349e-05,0.7331741898148149,0.3307586861219814,0.12667824074074074,0.7655671296296296,0.0,0.23443287037037036,0.005939840823970037,5925.200458005211,5.865393518518519
sensor_dropout,0.0,MAPPO+DT,8,1.4358926657192856,977.8439229496436,0.8887321923389165,7.809973291811686e-05,0.7393735532407407,0.3227576423016623,0.12879050925925925,0.7619791666666667,0.23802083333333332,0.0,0.01419124531835206,7822.751383597149,5.914988425925926
sensor_dropout,0.0,Oracle,8,1.3828596732519356,955.7354497987623,0.8612034470088501,0.015467968249827766,0.7675057870370371,0.2610620329455764,0.13885995370370371,0.6896122685185185,0.2747395833333333,0.03564814814814815,0.02615870786516854,7645.883598390098,6.140046296296297
sensor_dropout,0.1,Heuristic,8,0.9266277024078934,797.8138012860903,0.7998685775309995,4.33681209205571e-05,0.8155815972222222,0.32346253819284854,0.20454282407407406,0.7596354166666667,0.16808449074074075,0.07228009259259259,0.033707865168539325,6382.510410288723,6.524652777777778
sensor_dropout,0.1,Reactive,8,1.3179264883218669,937.4527819610876,0.8587010776607917,0.01565801049180246,0.7696397569444444,0.2614086930997637,0.1537037037037037,0.6919849537037037,0.27479745370370373,0.03321759259259259,0.040701076779026214,7499.6222556887005,6.157118055555555
sensor_dropout,0.1,PIGT-DT,8,1.3279177087230807,938.9396444253813,0.8582932341341916,0.01549124187459275,0.7610966435185185,0.26149487415514916,0.15422453703703703,0.690625,0.2758391203703704,0.03353587962962963,0.02788506554307116,7511.51715540305,6.088773148148148
sensor_dropout,0.1,MAPPO,8,1.143388378027172,740.4732603241403,0.8981949277492975,7.384195189472934e-05,0.7331090856481481,0.33076782149483064,0.12722800925925926,0.7653645833333333,0.0,0.23463541666666668,0.005852059925093633,5923.786082593122,5.864872685185185
sensor_dropout,0.1,MAPPO+DT,8,1.4297682555982567,975.1151567311322,0.887945537014455,9.151378326999692e-05,0.7379123263888889,0.3227848712163526,0.13017939814814813,0.762181712962963,0.23781828703703703,0.0,0.01340121722846442,7800.921253849057,5.903298611111111
sensor_dropout,0.1,Oracle,8,1.3828596732519356,955.7354497987623,0.8612034470088501,0.015467968249827766,0.7675057870370371,0.2610620329455764,0.13885995370370371,0.6896122685185185,0.2747395833333333,0.03564814814814815,0.02615870786516854,7645.883598390098,6.140046296296297
sensor_dropout,0.3,Heuristic,8,0.9257867108982996,796.0449877148999,0.7999343459531333,4.624573732368021e-05,0.8159215856481481,0.32353720432237754,0.2044849537037037,0.7600405092592593,0.16788194444444443,0.0720775462962963,0.0266561329588015,6368.359901719199,6.527372685185185
sensor_dropout,0.3,Reactive,8,1.3106882440679488,933.9995570879577,0.858167655464307,0.015331898720159618,0.771021412037037,0.2628949404178906,0.15442708333333333,0.6935185185185185,0.27132523148148147,0.03515625,0.03435159176029962,7471.996456703661,6.168171296296296
sensor_dropout,0.3,PIGT-DT,8,1.3205005975858592,934.2012714616363,0.8577887328685079,0.015273362973993041,0.7605685763888889,0.2625495387987289,0.15434027777777778,0.6916956018518519,0.2769965277777778,0.03130787037037037,0.02516385767790262,7473.610171693091,6.084548611111111
sensor_dropout,0.3,MAPPO,8,1.1433400932651572,739.2460467888027,0.8974787018152222,7.434567321491817e-05,0.7337673611111111,0.33080019531881916,0.12630208333333334,0.7662326388888889,0.0,0.2337673611111111,0.005471676029962547,5913.9683743104215,5.870138888888889
sensor_dropout,0.3,MAPPO+DT,8,1.4295862880019885,971.4573649403915,0.889565965908327,0.00010337130440991767,0.7368055555555556,0.32287969726237786,0.12838541666666667,0.7628761574074074,0.2371238425925926,0.0,0.012201544943820225,7771.658919523132,5.894444444444445
sensor_dropout,0.3,Oracle,8,1.3828596732519356,955.7354497987623,0.8612034470088501,0.015467968249827766,0.7675057870370371,0.2610620329455764,0.13885995370370371,0.6896122685185185,0.2747395833333333,0.03564814814814815,0.02615870786516854,7645.883598390098,6.140046296296297
sensor_dropout,0.5,Heuristic,8,0.9163093409834105,790.371451290184,0.7989243527045674,9.507710972846724e-05,0.8152271412037037,0.3236319561019981,0.20543981481481483,0.760474537037037,0.1675347222222222,0.07199074074074074,0.021740402621722846,6322.971610321472,6.521817129629629
sensor_dropout,0.5,Reactive,8,1.3081745969177787,931.5308069886437,0.8574557584149876,0.015600476229257865,0.7701027199074074,0.2621207715142129,0.15572916666666667,0.6933449074074074,0.27219328703703705,0.03446180555555556,0.027299859550561797,7452.2464559091495,6.160821759259259
sensor_dropout,0.5,PIGT-DT,8,1.3034831854140454,925.9320776697932,0.8563625293472448,0.015468416757343085,0.7625868055555556,0.2620639378813682,0.1558738425925926,0.6913483796296296,0.27413194444444444,0.034519675925925926,0.02232560861423221,7407.456621358346,6.100694444444445
sensor_dropout,0.5,MAPPO,8,1.1398183180093018,738.3231767745552,0.8983759948849128,7.533242006686156e-05,0.7297815393518519,0.33083934069184684,0.1277199074074074,0.7666956018518518,0.0,0.23330439814814816,0.004593867041198502,5906.585414196442,5.838252314814815
sensor_dropout,0.5,MAPPO+DT,8,1.4172185053578075,966.2824301699939,0.8875198889157128,0.00017132502145576496,0.7350332754629629,0.32297336313785585,0.1310185185185185,0.7635706018518519,0.23642939814814815,0.0,0.01085557116104869,7730.259441359951,5.8802662037037035
sensor_dropout,0.5,Oracle,8,1.3828596732519356,955.7354497987623,0.8612034470088501,0.015467968249827766,0.7675057870370371,0.2610620329455764,0.13885995370370371,0.6896122685185185,0.2747395833333333,0.03564814814814815,0.02615870786516854,7645.883598390098,6.140046296296297
noisy_observations,0.0,Heuristic,8,0.9257835003766522,798.6189249085305,0.7994098953512079,4.1260124744310864e-05,0.8155092592592592,0.3234169907138522,0.20494791666666667,0.7594328703703703,0.16799768518518518,0.07256944444444445,0.03710205992509363,6388.951399268244,6.524074074074074
noisy_observations,0.0,Reactive,8,1.3161346465830848,936.6752321405584,0.8583125905680005,0.015734414529285607,0.7704282407407408,0.26107904136365223,0.15355902777777777,0.6915219907407407,0.2760127314814815,0.03246527777777778,0.044066011235955056,7493.401857124467,6.163425925925926
noisy_observations,0.0,PIGT-DT,8,1.3192276949737103,935.1507959057226,0.8573610180065512,0.015430854067976662,0.7631076388888889,0.2616748815948644,0.15457175925925926,0.6905671296296296,0.27335069444444443,0.03608217592592593,0.029582162921348316,7481.206367245781,6.104861111111111
noisy_observations,0.0,MAPPO,8,1.1454928822648691,740.6500572506513,0.8978371312437328,7.181460486832349e-05,0.7331741898148149,0.3307586861219814,0.12667824074074074,0.7655671296296296,0.0,0.23443287037037036,0.005939840823970037,5925.200458005211,5.865393518518519
noisy_observations,0.0,MAPPO+DT,8,1.4358926657192856,977.8439229496436,0.8887321923389165,7.809973291811686e-05,0.7393735532407407,0.3227576423016623,0.12879050925925925,0.7619791666666667,0.23802083333333332,0.0,0.01419124531835206,7822.751383597149,5.914988425925926
noisy_observations,0.0,Oracle,8,1.3828596732519356,955.7354497987623,0.8612034470088501,0.015467968249827766,0.7675057870370371,0.2610620329455764,0.13885995370370371,0.6896122685185185,0.2747395833333333,0.03564814814814815,0.02615870786516854,7645.883598390098,6.140046296296297
noisy_observations,1.0,Heuristic,8,0.9035821573606001,792.4654548525692,0.801762885861897,4.743107412629418e-05,0.8375434027777777,0.3235966969341694,0.20309606481481482,0.7602719907407407,0.16822916666666668,0.07149884259259259,0.08143141385767791,6339.723638820554,6.700347222222222
noisy_observations,1.0,Reactive,8,1.2703928586795186,928.1082218427011,0.8549455913091336,0.01612045465670304,0.7887876157407407,0.26012535967029027,0.15908564814814816,0.6908854166666667,0.27566550925925926,0.033449074074074076,0.09146769662921349,7424.865774741609,6.310300925925926
noisy_observations,1.0,PIGT-DT,8,1.294451021262569,925.9791829173256,0.8571628688413454,0.015492438386313714,0.7650245949074074,0.2615964955783455,0.15630787037037036,0.6914930555555555,0.27424768518518516,0.03425925925925926,0.05565308988764045,7407.833463338605,6.120196759259259
noisy_observations,1.0,MAPPO,8,1.1574655547073613,740.9500249243678,0.8989737812441682,5.5633276756423396e-05,0.7435112847222223,0.330765161795701,0.1205150462962963,0.766087962962963,0.0,0.23391203703703703,0.015566479400749064,5927.600199394942,5.948090277777778
noisy_observations,1.0,MAPPO+DT,8,1.4158141662329757,966.693719123813,0.8891790489935156,9.336026713482461e-05,0.7415726273148148,0.32294349199714734,0.12858796296296296,0.7633680555555555,0.23663194444444444,0.0,0.026685393258426966,7733.549752990504,5.932581018518518
noisy_observations,1.0,Oracle,8,1.3828596732519356,955.7354497987623,0.8612034470088501,0.015467968249827766,0.7675057870370371,0.2610620329455764,0.13885995370370371,0.6896122685185185,0.2747395833333333,0.03564814814814815,0.02615870786516854,7645.883598390098,6.140046296296297
noisy_observations,2.0,Heuristic,8,0.8699551477301938,782.0986307992913,0.8031318177776796,9.807793706558415e-05,0.8581090856481481,0.32380459003371803,0.20280671296296296,0.761255787037037,0.16866319444444444,0.07008101851851851,0.12391736891385768,6256.78904639433,6.864872685185185
noisy_observations,2.0,Reactive,8,1.20783755359787,917.8279350189096,0.8501252033114566,0.01598044141378745,0.8141348379629629,0.26157236234917225,0.16626157407407408,0.6926793981481482,0.26359953703703703,0.04372106481481482,0.14243913857677903,7342.623480151276,6.5130787037037035
noisy_observations,2.0,PIGT-DT,8,1.2716068104889768,921.2838433314151,0.8576422150162607,0.01557215083107791,0.7743272569444445,0.26209518003758453,0.15810185185185185,0.6925925925925925,0.2717013888888889,0.03570601851851852,0.0859375,7370.270746651321,6.194618055555556
noisy_observations,2.0,MAPPO,8,1.1511660027867117,740.8243520159309,0.8999995873666968,7.726069202301119e-05,0.7571976273148148,0.3307733124469923,0.11747685185185185,0.7670428240740741,0.0,0.23295717592592594,0.03590238764044944,5926.594816127447,6.057581018518518
noisy_observations,2.0,MAPPO+DT,8,1.3895800603292083,953.7894884118383,0.8902292150652749,0.0001620022170063162,0.7502170138888888,0.32332728857822457,0.1287326388888889,0.7662037037037037,0.2337962962962963,0.0,0.04874765917602996,7630.315907294706,6.001736111111111
noisy_observations,2.0,Oracle,8,1.3828596732519356,955.7354497987623,0.8612034470088501,0.015467968249827766,0.7675057870370371,0.2610620329455764,0.13885995370370371,0.6896122685185185,0.2747395833333333,0.03564814814814815,0.02615870786516854,7645.883598390098,6.140046296296297
noisy_observations,4.0,Heuristic,8,0.7921593780468857,767.1791732871012,0.801607643441369,0.0003420790616725774,0.9046006944444445,0.3245364465394763,0.2066550925925926,0.7644965277777778,0.16973379629629629,0.06576967592592593,0.20894779962546817,6137.43338629681,7.236805555555556
noisy_observations,4.0,Reactive,8,1.1137583739031665,910.1037646360572,0.8452379229545558,0.017752228526088862,0.8517071759259259,0.2617597446207017,0.1739872685185185,0.6895833333333333,0.2721354166666667,0.03828125,0.23241455992509363,7280.830117088458,6.813657407407407
noisy_observations,4.0,PIGT-DT,8,1.1885003195316282,902.3570600677886,0.8552715967023493,0.015954551341704183,0.8121238425925926,0.2629985252904177,0.16333912037037038,0.6951388888888889,0.2661747685185185,0.03868634259259259,0.1577130149812734,7218.856480542308,6.496990740740741
noisy_observations,4.0,MAPPO,8,1.1137286730823293,739.3215339571307,0.8998186430828186,0.0002176840658737461,0.7811053240740741,0.33089009859846824,0.11730324074074074,0.7693576388888889,0.0,0.2306423611111111,0.08432818352059925,5914.572271657045,6.248842592592593
noisy_observations,4.0,MAPPO+DT,8,1.3173358480153592,922.606210639328,0.8892296913087551,0.0005130175913007565,0.769798900462963,0.32404422045037223,0.13130787037037037,0.7715277777777778,0.22847222222222222,0.0,0.10387406367041198,7380.849685114624,6.158391203703704
noisy_observations,4.0,Oracle,8,1.3828596732519356,955.7354497987623,0.8612034470088501,0.015467968249827766,0.7675057870370371,0.2610620329455764,0.13885995370370371,0.6896122685185185,0.2747395833333333,0.03564814814814815,0.02615870786516854,7645.883598390098,6.140046296296297
stale_dt,0.25,Heuristic,8,0.9492982624242159,818.3173705997443,0.7998791050966253,1.2828803828271738e-05,0.8142711133512545,0.32279288037431664,0.20343301971326164,0.7582045250896058,0.16915882616487454,0.07263664874551971,0.03730751811594203,6546.538964797955,6.514168906810036
stale_dt,0.25,Reactive,8,1.3628101136514528,957.9110312412016,0.8626610098742737,0.015856424309829503,0.771204357078853,0.26006562264643224,0.1461133512544803,0.6892641129032258,0.27752576164874554,0.03321012544802868,0.04390285326086957,7663.288249929613,6.169634856630824
stale_dt,0.25,PIGT-DT,8,1.3262657373675706,939.0115088471126,0.8544404311677348,0.015204701904537063,0.7674521169354839,0.262085848285861,0.15605398745519714,0.687219982078853,0.276741711469534,0.036038306451612906,0.030995244565217392,7512.092070776901,6.139616935483871
stale_dt,0.25,MAPPO,8,1.1433063724736425,739.4214997811315,0.8967500912902572,6.809274627958588e-05,0.7315748207885304,0.3306305973693458,0.1280241935483871,0.7643649193548387,0.0,0.23563508064516128,0.00588768115942029,5915.371998249052,5.852598566308243
stale_dt,0.25,MAPPO+DT,8,1.4101766954555028,961.9479265571952,0.8898304787301597,2.6161005544852587e-05,0.7380292338709677,0.32373914563081857,0.12312387992831542,0.7693212365591398,0.23067876344086022,0.0,0.014407835144927536,7695.583412457561,5.904233870967742
stale_dt,0.25,Oracle,8,1.3942985719382637,960.9679589701593,0.8628869940260949,0.015107866302684412,0.767921146953405,0.2624630909363831,0.13718077956989247,0.6909722222222222,0.2741095430107527,0.03491823476702509,0.025956748188405796,7687.7436717612745,6.14336917562724
stale_dt,1.0,Heuristic,8,0.9257835003766522,798.6189249085305,0.7994098953512079,4.1260124744310864e-05,0.8155092592592592,0.3234169907138522,0.20494791666666667,0.7594328703703703,0.16799768518518518,0.07256944444444445,0.03710205992509363,6388.951399268244,6.524074074074074
stale_dt,1.0,Reactive,8,1.3161346465830848,936.6752321405584,0.8583125905680005,0.015734414529285607,0.7704282407407408,0.26107904136365223,0.15355902777777777,0.6915219907407407,0.2760127314814815,0.03246527777777778,0.044066011235955056,7493.401857124467,6.163425925925926
stale_dt,1.0,PIGT-DT,8,1.3192276949737103,935.1507959057226,0.8573610180065512,0.015430854067976662,0.7631076388888889,0.2616748815948644,0.15457175925925926,0.6905671296296296,0.27335069444444443,0.03608217592592593,0.029582162921348316,7481.206367245781,6.104861111111111
stale_dt,1.0,MAPPO,8,1.1454928822648691,740.6500572506513,0.8978371312437328,7.181460486832349e-05,0.7331741898148149,0.3307586861219814,0.12667824074074074,0.7655671296296296,0.0,0.23443287037037036,0.005939840823970037,5925.200458005211,5.865393518518519
stale_dt,1.0,MAPPO+DT,8,1.4358926657192856,977.8439229496436,0.8887321923389165,7.809973291811686e-05,0.7393735532407407,0.3227576423016623,0.12879050925925925,0.7619791666666667,0.23802083333333332,0.0,0.01419124531835206,7822.751383597149,5.914988425925926
stale_dt,1.0,Oracle,8,1.3828596732519356,955.7354497987623,0.8612034470088501,0.015467968249827766,0.7675057870370371,0.2610620329455764,0.13885995370370371,0.6896122685185185,0.2747395833333333,0.03564814814814815,0.02615870786516854,7645.883598390098,6.140046296296297
stale_dt,2.0,Heuristic,8,0.8885299653286114,773.1327248571392,0.7971943186984873,0.00020728582991856007,0.8139913396317829,0.32406322123039605,0.20745518410852712,0.7609314437984496,0.16666666666666666,0.07240188953488372,0.0366421568627451,6185.061798857114,6.5119307170542635
stale_dt,2.0,Reactive,8,1.2540509922357117,906.3110589504209,0.8517963267666296,0.01656893494775856,0.7690694646317829,0.25990973659261213,0.16027737403100775,0.6920118701550387,0.27561773255813954,0.03237039728682171,0.04497549019607843,7250.4884716033675,6.1525557170542635
stale_dt,2.0,PIGT-DT,8,1.256761211266716,904.1345335535447,0.8551435876900277,0.015617896876692959,0.7527782824612403,0.26256725983291285,0.16024709302325582,0.6951913759689923,0.27552688953488375,0.02928173449612403,0.031433823529411764,7233.076268428357,6.022226259689923
stale_dt,2.0,MAPPO,8,1.1211525526616681,727.1719478806391,0.8964256205341702,7.628851973266534e-05,0.7305293120155039,0.3310894785853039,0.12766472868217055,0.7671390503875969,0.0,0.2328609496124031,0.006004901960784314,5817.375583045113,5.844234496124031
stale_dt,2.0,MAPPO+DT,8,1.37746592627506,952.6540472511966,0.8791952334158696,0.000568027888629124,0.7314983042635659,0.3217777155099417,0.14395591085271317,0.7546632751937985,0.24533672480620156,0.0,0.01326593137254902,7621.232378009573,5.851986434108527
stale_dt,2.0,Oracle,8,1.3751649007038056,953.3922130269073,0.859528758961037,0.015220197729887102,0.7647619912790697,0.2619244548691125,0.14029190891472867,0.6895893895348837,0.27564801356589147,0.034762596899224806,0.02576593137254902,7627.137704215258,6.118095930232558
stale_dt,3.0,Heuristic,8,0.8538543895615087,749.5482775725471,0.7951751427870987,0.00046233688147584835,0.8107691819105691,0.3246497689434073,0.20992123983739838,0.7627985264227642,0.16530106707317074,0.07190040650406504,0.036329732510288065,5996.386220580377,6.486153455284553
stale_dt,3.0,Reactive,8,1.2028076926453994,879.373086857995,0.8469686033392803,0.017406183034426252,0.7676257621951219,0.2595747132133531,0.16571392276422764,0.6936610772357723,0.27512068089430897,0.0312182418699187,0.044753086419753084,7034.98469486396,6.141006097560975
stale_dt,3.0,PIGT-DT,8,1.19921301478508,873.0445486526681,0.853730327286411,0.01612703548706889,0.7505160696138211,0.26350816803620597,0.16447535569105692,0.6988694105691057,0.2682291666666667,0.03290142276422764,0.03530092592592592,6984.356389221345,6.004128556910569
stale_dt,3.0,MAPPO,8,1.0956860511987176,712.4872687526339,0.8949589671201099,8.030789427226971e-05,0.7272532393292683,0.33144985824630163,0.1290015243902439,0.7691501524390244,0.0,0.2308498475609756,0.0056905864197530865,5699.898150021071,5.818025914634147
stale_dt,3.0,MAPPO+DT,8,1.3076782100866229,923.1230759056899,0.8697863777777595,0.0015163938384574573,0.7273643927845529,0.32147940778645095,0.15488440040650406,0.7523818597560976,0.24761814024390244,0.0,0.012827932098765432,7384.984607245519,5.818915142276423
stale_dt,3.0,Oracle,8,1.3753032743127007,953.4022981948643,0.8596173482032733,0.015105372657710246,0.7645293445121951,0.26231883957772406,0.1403709349593496,0.6893419715447154,0.2767721036585366,0.033885924796747964,0.02588091563786008,7627.218385558915,6.116234756097561
stale_dt,4.0,Heuristic,8,0.820379214698419,728.4288398675416,0.794165623827508,0.0007856124358466827,0.8133263221153846,0.3250996944368352,0.21133814102564102,0.7649238782051282,0.1640625,0.07101362179487179,0.036052489177489176,5827.430718940333,6.506610576923077
stale_dt,4.0,Reactive,8,1.158952208879832,854.8305904242193,0.8438448370726894,0.017682875236270365,0.7675280448717948,0.26117119175941433,0.16917067307692307,0.6972823183760684,0.27120058760683763,0.031517094017094016,0.044845779220779224,6838.644723393754,6.140224358974359
stale_dt,4.0,PIGT-DT,8,1.1644427569553566,853.6639444607265,0.8528238694377982,0.016433835254186874,0.7503088274572649,0.26494213873999695,0.16639957264957264,0.7027911324786325,0.26489049145299143,0.03231837606837607,0.037134740259740256,6829.311555685812,6.002470619658119
stale_dt,4.0,MAPPO,8,1.0862590200383284,704.5440847542671,0.8967969133433104,8.164955864956173e-05,0.7294671474358975,0.33184001297143906,0.1268696581196581,0.7715344551282052,0.0,0.22846554487179488,0.005411255411255411,5636.352678034137,5.83573717948718
stale_dt,4.0,MAPPO+DT,8,1.2523230796470795,895.9062269290025,0.8660390861597221,0.002360306766946792,0.7268379407051282,0.3216602230127992,0.16018963675213677,0.7536725427350427,0.24632745726495728,0.0,0.012716450216450216,7167.24981543202,5.8147035256410255
stale_dt,4.0,Oracle,8,1.3747651715049232,955.3273808320849,0.8587119899425175,0.015047117963719023,0.7630375267094017,0.2620434771355525,0.14169337606837606,0.6882345085470085,0.28091613247863245,0.030849358974358976,0.02536525974025974,7642.6190466566795,6.104300213675214
channel_model_mismatch,nominal,Heuristic,8,0.9257835003766522,798.6189249085305,0.7994098953512079,4.1260124744310864e-05,0.8155092592592592,0.3234169907138522,0.20494791666666667,0.7594328703703703,0.16799768518518518,0.07256944444444445,0.03710205992509363,6388.951399268244,6.524074074074074
channel_model_mismatch,nominal,Reactive,8,1.3161346465830848,936.6752321405584,0.8583125905680005,0.015734414529285607,0.7704282407407408,0.26107904136365223,0.15355902777777777,0.6915219907407407,0.2760127314814815,0.03246527777777778,0.044066011235955056,7493.401857124467,6.163425925925926
channel_model_mismatch,nominal,PIGT-DT,8,1.3192276949737103,935.1507959057226,0.8573610180065512,0.015430854067976662,0.7631076388888889,0.2616748815948644,0.15457175925925926,0.6905671296296296,0.27335069444444443,0.03608217592592593,0.029582162921348316,7481.206367245781,6.104861111111111
channel_model_mismatch,nominal,MAPPO,8,1.1454928822648691,740.6500572506513,0.8978371312437328,7.181460486832349e-05,0.7331741898148149,0.3307586861219814,0.12667824074074074,0.7655671296296296,0.0,0.23443287037037036,0.005939840823970037,5925.200458005211,5.865393518518519
channel_model_mismatch,nominal,MAPPO+DT,8,1.4358926657192856,977.8439229496436,0.8887321923389165,7.809973291811686e-05,0.7393735532407407,0.3227576423016623,0.12879050925925925,0.7619791666666667,0.23802083333333332,0.0,0.01419124531835206,7822.751383597149,5.914988425925926
channel_model_mismatch,nominal,Oracle,8,1.3828596732519356,955.7354497987623,0.8612034470088501,0.015467968249827766,0.7675057870370371,0.2610620329455764,0.13885995370370371,0.6896122685185185,0.2747395833333333,0.03564814814814815,0.02615870786516854,7645.883598390098,6.140046296296297
channel_model_mismatch,SL -3 dB,Heuristic,8,0.7123264748596495,798.369297410422,0.7370030208240583,0.00023570652812077812,0.869994212962963,0.3234169907138522,0.27760416666666665,0.7594328703703703,0.16799768518518518,0.07256944444444445,0.04128628277153558,6386.954379283376,6.959953703703704
channel_model_mismatch,SL -3 dB,Reactive,8,1.1661793296275411,936.4372491590867,0.7988168452000909,0.02178917576068432,0.8130425347222222,0.24039514811110033,0.215625,0.6706597222222223,0.296875,0.03246527777777778,0.054307116104868915,7491.497993272694,6.504340277777778
channel_model_mismatch,SL -3 dB,PIGT-DT,8,1.1808388252882145,935.6135975213089,0.8006360196184475,0.020255464323720614,0.8016782407407408,0.24447969986061102,0.21264467592592592,0.6746238425925926,0.2939525462962963,0.03142361111111111,0.03303487827715356,7484.908780170471,6.413425925925926
channel_model_mismatch,SL -3 dB,MAPPO,8,0.9702360312365491,740.0621847082245,0.841941910951142,0.0002732440897823914,0.7788194444444444,0.33075402923597536,0.19386574074074073,0.7644097222222223,0.0,0.23559027777777777,0.006876170411985019,5920.497477665796,6.230555555555555
channel_model_mismatch,SL -3 dB,MAPPO+DT,8,1.2604120772027303,977.194564861066,0.8341513802181908,0.00026794158450833464,0.7848813657407407,0.32289506088960435,0.19398148148148148,0.7629918981481482,0.23700810185185187,0.0,0.01401568352059925,7817.556518888528,6.279050925925926
channel_model_mismatch,SL -3 dB,Oracle,8,1.2512020426865655,955.5118564148207,0.8053051010234228,0.0207076365333945,0.8076461226851852,0.24288152416075368,0.19398148148148148,0.6715567129629629,0.29279513888888886,0.03564814814814815,0.02978698501872659,7644.094851318566,6.461168981481482
channel_model_mismatch,SL +3 dB,Heuristic,8,1.0627074569540724,798.8113901170268,0.8475261974752835,3.0572294955129715e-05,0.7660011574074074,0.3234169907138522,0.15448495370370371,0.7594328703703703,0.16799768518518518,0.07256944444444445,0.037716526217228465,6390.491120936214,6.128009259259259
channel_model_mismatch,SL +3 dB,Reactive,8,1.4206063355861214,936.8572408064542,0.9038147570419984,0.010998011798078331,0.7237268518518518,0.27835396901563875,0.10708912037037037,0.7078414351851852,0.25969328703703703,0.03246527777777778,0.03876989700374532,7494.857926451634,5.7898148148148145
channel_model_mismatch,SL +3 dB,PIGT-DT,8,1.4294834358495632,935.7884803930804,0.9017075843589112,0.011555124459826604,0.7163194444444444,0.2759476854908642,0.10737847222222222,0.7030092592592593,0.26186342592592593,0.03512731481481481,0.02662687265917603,7486.307843144643,5.730555555555555
channel_model_mismatch,SL +3 dB,MAPPO,8,1.2598139634813332,740.7411717791298,0.9379630370788603,2.6625417074618453e-05,0.6959346064814815,0.33076820774317983,0.07740162037037036,0.7674189814814815,0.0,0.2325810185185185,0.005647237827715356,5925.929374233038,5.567476851851852
channel_model_mismatch,SL +3 dB,MAPPO+DT,8,1.5421117128366324,977.961755063392,0.9290932697423884,6.324452448207751e-05,0.6944661458333333,0.3226435126950803,0.08287037037037037,0.7611400462962963,0.2388599537037037,0.0,0.012494147940074906,7823.694040507136,5.555729166666667
channel_model_mismatch,SL +3 dB,Oracle,8,1.4835128715443564,955.9103571386464,0.9049302819798769,0.011950530896251654,0.7191840277777778,0.2743735719063397,0.09542824074074074,0.7017361111111111,0.26261574074074073,0.03564814814814815,0.02229634831460674,7647.282857109171,5.753472222222222
channel_model_mismatch,absorption x1.5,Heuristic,8,0.8908906668215,798.5792544178738,0.7894922726870247,7.777061140514922e-05,0.8237268518518519,0.3234169907138522,0.21724537037037037,0.7594328703703703,0.16799768518518518,0.07256944444444445,0.03821395131086142,6388.6340353429905,6.589814814814815
channel_model_mismatch,absorption x1.5,Reactive,8,1.287047882528805,936.6186192344563,0.8441593640425316,0.016590903067223866,0.7762080439814815,0.2576575353119296,0.1675347222222222,0.6885706018518518,0.2789641203703704,0.03246527777777778,0.04511938202247191,7492.948953875651,6.209664351851852
channel_model_mismatch,absorption x1.5,PIGT-DT,8,1.2919508284234416,934.9773260335833,0.8450586127165318,0.016279921951516747,0.7711371527777777,0.2583148153316665,0.1667824074074074,0.6877314814814814,0.2761863425925926,0.03608217592592593,0.03045997191011236,7479.818608268666,6.169097222222222
channel_model_mismatch,absorption x1.5,MAPPO,8,1.1154975412614292,740.596335238294,0.8844066281544155,0.000101218974963516,0.7469762731481482,0.3307586861219814,0.13802083333333334,0.7655671296296296,0.0,0.23443287037037036,0.005852059925093633,5924.770681906352,5.9758101851851855
channel_model_mismatch,absorption x1.5,MAPPO+DT,8,1.3989287452888108,977.656731317539,0.8762611182641423,0.00011226678608403616,0.7484592013888889,0.32276556450010147,0.14293981481481483,0.7620370370370371,0.23796296296296296,0.0,0.0149812734082397,7821.253850540312,5.987673611111111
channel_model_mismatch,absorption x1.5,Oracle,8,1.3573188355799275,955.6860788048215,0.8488606985236326,0.016324583497775384,0.7729528356481481,0.2578276486302944,0.15127314814814816,0.6866608796296296,0.2776909722222222,0.03564814814814815,0.025895365168539325,7645.488630438572,6.183622685185185
channel_model_mismatch,optical c x1.5,Heuristic,8,0.5147011536768358,469.63047294216597,0.808343460308662,4.594526395989281e-05,0.7848813657407407,0.3348911197664466,0.19496527777777778,0.8449074074074074,0.10089699074074074,0.05419560185185185,0.03490753745318352,3757.0437835373277,6.279050925925926
channel_model_mismatch,optical c x1.5,Reactive,8,0.8788702591106088,593.129220774547,0.8656783908578465,0.01572275687940416,0.7387297453703704,0.2725597421760932,0.1451099537037037,0.7782118055555556,0.1962384259259259,0.025549768518518517,0.04312968164794007,4745.033766196376,5.909837962962963
channel_model_mismatch,optical c x1.5,PIGT-DT,8,0.8950901497087789,596.431968887776,0.8650297859189341,0.01549119897392703,0.7334490740740741,0.2731840455698411,0.14641203703703703,0.7752893518518519,0.1921875,0.03252314814814815,0.028675093632958802,4771.455751102208,5.867592592592593
channel_model_mismatch,optical c x1.5,MAPPO,8,0.8022064558768556,465.40596788164095,0.9052734738363254,7.181460486832349e-05,0.6791666666666667,0.3399116084857846,0.11924189814814815,0.8499710648148148,0.0,0.15002893518518517,0.006261704119850187,3723.2477430531276,5.433333333333334
channel_model_mismatch,optical c x1.5,MAPPO+DT,8,0.9809207980053833,623.241500299861,0.8942313586640996,8.717944312115419e-05,0.7033203125,0.33427271831343014,0.12109375,0.8470775462962963,0.1529224537037037,0.0,0.011499297752808989,4985.932002398888,5.6265625
channel_model_mismatch,optical c x1.5,Oracle,8,0.9601030877643464,614.6260495687594,0.8724717848427007,0.015465745824583786,0.7322337962962963,0.27287650264588953,0.1271701388888889,0.777980324074074,0.1971064814814815,0.024913194444444446,0.026187968164794007,4917.008396550075,5.85787037037037
channel_model_mismatch,optical c x0.7,Heuristic,8,1.3393260315669382,1099.406071904487,0.8029169669871952,4.2324955744811563e-05,0.8454788773148149,0.3145038236784174,0.20081018518518517,0.6940104166666666,0.23874421296296297,0.06724537037037037,0.038974719101123594,8795.248575235895,6.763831018518519
channel_model_mismatch,optical c x0.7,Reactive,8,1.7249995223936767,1239.0121118232294,0.8592876665001401,0.015725423672522925,0.8013527199074074,0.25215703779163884,0.1515335648148148,0.6239872685185185,0.33813657407407405,0.03787615740740741,0.04886470037453183,9912.096894585835,6.410821759259259
channel_model_mismatch,optical c x0.7,PIGT-DT,8,1.7375209157159557,1241.6219862656035,0.8600076951852378,0.015457082492999971,0.7913628472222223,0.2527889285176516,0.15043402777777778,0.624363425925926,0.33402777777777776,0.041608796296296297,0.03174742509363296,9932.975890124828,6.330902777777778
channel_model_mismatch,optical c x0.7,MAPPO,8,1.5182185255341358,1043.3936620826096,0.8921947701326217,7.181460486832349e-05,0.7736038773148148,0.32085145835118156,0.13232060185185185,0.7022569444444444,0.0,0.2977430555555556,0.005793539325842697,8347.149296660877,6.188831018518519
channel_model_mismatch,optical c x0.7,MAPPO+DT,8,1.8631767177812524,1286.287091572847,0.8924867804355652,7.751765420201499e-05,0.7517433449074075,0.31383931628101325,0.12523148148148147,0.6967881944444444,0.30321180555555555,0.0,0.012698970037453183,10290.296732582776,6.01394675925926
channel_model_mismatch,optical c x0.7,Oracle,8,1.8020512960515296,1259.4092667240589,0.8631721863964047,0.015468805442347475,0.7931134259259259,0.2522198329156995,0.1365162037037037,0.6222222222222222,0.34149305555555554,0.036284722222222225,0.02949438202247191,10075.27413379247,6.344907407407407
environment_mismatch,nominal,Heuristic,8,0.9257835003766522,798.6189249085305,0.7994098953512079,4.1260124744310864e-05,0.8155092592592592,0.3234169907138522,0.20494791666666667,0.7594328703703703,0.16799768518518518,0.07256944444444445,0.03710205992509363,6388.951399268244,6.524074074074074
environment_mismatch,nominal,Reactive,8,1.3161346465830848,936.6752321405584,0.8583125905680005,0.015734414529285607,0.7704282407407408,0.26107904136365223,0.15355902777777777,0.6915219907407407,0.2760127314814815,0.03246527777777778,0.044066011235955056,7493.401857124467,6.163425925925926
environment_mismatch,nominal,PIGT-DT,8,1.3192276949737103,935.1507959057226,0.8573610180065512,0.015430854067976662,0.7631076388888889,0.2616748815948644,0.15457175925925926,0.6905671296296296,0.27335069444444443,0.03608217592592593,0.029582162921348316,7481.206367245781,6.104861111111111
environment_mismatch,nominal,MAPPO,8,1.1454928822648691,740.6500572506513,0.8978371312437328,7.181460486832349e-05,0.7331741898148149,0.3307586861219814,0.12667824074074074,0.7655671296296296,0.0,0.23443287037037036,0.005939840823970037,5925.200458005211,5.865393518518519
environment_mismatch,nominal,MAPPO+DT,8,1.4358926657192856,977.8439229496436,0.8887321923389165,7.809973291811686e-05,0.7393735532407407,0.3227576423016623,0.12879050925925925,0.7619791666666667,0.23802083333333332,0.0,0.01419124531835206,7822.751383597149,5.914988425925926
environment_mismatch,nominal,Oracle,8,1.3828596732519356,955.7354497987623,0.8612034470088501,0.015467968249827766,0.7675057870370371,0.2610620329455764,0.13885995370370371,0.6896122685185185,0.2747395833333333,0.03564814814814815,0.02615870786516854,7645.883598390098,6.140046296296297
environment_mismatch,noise +6 dB,Heuristic,8,0.43627792000368515,798.041792221694,0.6551267236420537,0.0015469980499983147,0.9294704861111112,0.3234169907138522,0.36108217592592595,0.7594328703703703,0.16799768518518518,0.07256944444444445,0.04181296816479401,6384.334337773552,7.435763888888889
environment_mismatch,noise +6 dB,Reactive,8,0.9748219874262283,936.1331863290986,0.7228011377030795,0.03873351446987962,0.8438585069444444,0.1914816595160185,0.29453125,0.6122685185185185,0.3552662037037037,0.03246527777777778,0.06700608614232209,7489.065490632789,6.750868055555555
environment_mismatch,noise +6 dB,PIGT-DT,8,0.9846629775022993,934.934588868442,0.7225109634241126,0.037861050235326286,0.8336516203703703,0.1927098540306311,0.2933738425925926,0.614525462962963,0.35517939814814814,0.03029513888888889,0.03912102059925093,7479.476710947536,6.669212962962963
environment_mismatch,noise +6 dB,MAPPO,8,0.6906773494631278,739.4855695943291,0.7597429472176019,0.001675014881823667,0.8165509259259259,0.330749878131554,0.2886574074074074,0.7628761574074074,0.0,0.2371238425925926,0.0056179775280898875,5915.884556754633,6.532407407407407
environment_mismatch,noise +6 dB,MAPPO+DT,8,1.0069184892794498,977.2055128063352,0.7561419129280376,0.0015833302399225263,0.8345269097222222,0.32300467255730547,0.27705439814814814,0.7638020833333333,0.23619791666666667,0.0,0.014542368913857679,7817.644102450681,6.676215277777778
environment_mismatch,noise +6 dB,Oracle,8,1.0583462506605823,955.1901399192942,0.7248759771418095,0.038577196753138115,0.8376157407407407,0.19079410378454947,0.27413194444444444,0.6099537037037037,0.35439814814814813,0.03564814814814815,0.03242041198501873,7641.521119354354,6.700925925925926
environment_mismatch,noise -6 dB,Heuristic,8,1.1612859097761445,798.9745805332933,0.8883238015418867,3.0404046946373e-05,0.7157262731481482,0.3234169907138522,0.1136863425925926,0.7594328703703703,0.16799768518518518,0.07256944444444445,0.03441011235955056,6391.796644266346,5.7258101851851855
environment_mismatch,noise -6 dB,Reactive,8,1.505221549396011,937.0267108972849,0.9461822797496582,0.0024493134510866657,0.6782118055555556,0.31180999776211293,0.06174768518518518,0.7372974537037037,0.23023726851851853,0.03246527777777778,0.031279260299625467,7496.2136871782795,5.425694444444445
environment_mismatch,noise -6 dB,PIGT-DT,8,1.5057574388496782,934.9541275582009,0.943736417052564,0.002895574717495677,0.6737485532407408,0.30944129070659626,0.06438078703703703,0.7320023148148148,0.23055555555555557,0.03744212962962963,0.0253686797752809,7479.633020465607,5.389988425925926
environment_mismatch,noise -6 dB,MAPPO,8,1.3492939800601529,740.7438154105752,0.9700513066831533,7.780443949541708e-06,0.6680049189814815,0.33077205475377525,0.0330150462962963,0.7687789351851851,0.0,0.2312210648148148,0.005003511235955056,5925.950523284601,5.344039351851852
environment_mismatch,noise -6 dB,MAPPO+DT,8,1.6032084088403606,973.5724246755458,0.9631435798544817,6.263605542682475e-05,0.656127025462963,0.32251735698253037,0.046296296296296294,0.7602141203703704,0.23978587962962963,0.0,0.012084503745318352,7788.579397404366,5.249016203703704
environment_mismatch,noise -6 dB,Oracle,8,1.561056087574352,956.085512494198,0.9487191208677591,0.0029948102371346458,0.6754918981481481,0.30875899585390437,0.05170717592592593,0.7326099537037037,0.23174189814814813,0.03564814814814815,0.020014044943820225,7648.684099953584,5.403935185185185
unseen_distances,seen (4-22 m / 150-1800 m),Heuristic,8,0.9257835003766522,798.6189249085305,0.7994098953512079,4.1260124744310864e-05,0.8155092592592592,0.3234169907138522,0.20494791666666667,0.7594328703703703,0.16799768518518518,0.07256944444444445,0.03710205992509363,6388.951399268244,6.524074074074074
unseen_distances,seen (4-22 m / 150-1800 m),Reactive,8,1.3161346465830848,936.6752321405584,0.8583125905680005,0.015734414529285607,0.7704282407407408,0.26107904136365223,0.15355902777777777,0.6915219907407407,0.2760127314814815,0.03246527777777778,0.044066011235955056,7493.401857124467,6.163425925925926
unseen_distances,seen (4-22 m / 150-1800 m),PIGT-DT,8,1.3192276949737103,935.1507959057226,0.8573610180065512,0.015430854067976662,0.7631076388888889,0.2616748815948644,0.15457175925925926,0.6905671296296296,0.27335069444444443,0.03608217592592593,0.029582162921348316,7481.206367245781,6.104861111111111
unseen_distances,seen (4-22 m / 150-1800 m),MAPPO,8,1.1454928822648691,740.6500572506513,0.8978371312437328,7.181460486832349e-05,0.7331741898148149,0.3307586861219814,0.12667824074074074,0.7655671296296296,0.0,0.23443287037037036,0.005939840823970037,5925.200458005211,5.865393518518519
unseen_distances,seen (4-22 m / 150-1800 m),MAPPO+DT,8,1.4358926657192856,977.8439229496436,0.8887321923389165,7.809973291811686e-05,0.7393735532407407,0.3227576423016623,0.12879050925925925,0.7619791666666667,0.23802083333333332,0.0,0.01419124531835206,7822.751383597149,5.914988425925926
unseen_distances,seen (4-22 m / 150-1800 m),Oracle,8,1.3828596732519356,955.7354497987623,0.8612034470088501,0.015467968249827766,0.7675057870370371,0.2610620329455764,0.13885995370370371,0.6896122685185185,0.2747395833333333,0.03564814814814815,0.02615870786516854,7645.883598390098,6.140046296296297
unseen_distances,unseen near 22-45 m,Heuristic,8,0.09341894380001563,3.4709944484834216,0.8677486121208554,1.0920315879143294e-05,0.6689236111111111,0.3610967865545751,0.1346064814814815,1.0,0.0,0.0,0.02185744382022472,27.767955587867373,5.351388888888889
unseen_distances,unseen near 22-45 m,Reactive,8,0.19547442549254035,3.7058525086160072,0.9000104356312001,0.015581235804522656,0.6192346643518518,0.30027483174186564,0.10651041666666666,0.94609375,0.05367476851851852,0.0002314814814814815,0.025046816479400748,29.646820068928058,4.9538773148148145
unseen_distances,unseen near 22-45 m,PIGT-DT,8,0.2028945158484572,3.7029377960698744,0.8992817574946742,0.01539290247915404,0.6103370949074074,0.3008206524858363,0.10671296296296297,0.9468171296296296,0.05303819444444444,0.00014467592592592592,0.009948501872659176,29.623502368558995,4.882696759259259
unseen_distances,unseen near 22-45 m,MAPPO,8,0.18565983610216683,3.6559318583082647,0.9139829645770662,7.181460486832349e-05,0.5775318287037037,0.3610967865545751,0.11053240740740741,1.0,0.0,0.0,0.002282303370786517,29.247454866466118,4.620254629629629
unseen_distances,unseen near 22-45 m,MAPPO+DT,8,0.20688744419624047,3.643175498545291,0.9107938746363228,2.177612284136134e-05,0.604152199074074,0.3610967865545751,0.0997974537037037,1.0,0.0,0.0,0.0024286048689138575,29.14540398836233,4.833217592592592
unseen_distances,unseen near 22-45 m,Oracle,8,0.22061924685449383,3.753736937765376,0.900599790732789,0.015454757058242521,0.6146990740740741,0.30045832395813826,0.09800347222222222,0.9464409722222222,0.05326967592592593,0.00028935185185185184,0.010387406367041198,30.029895502123008,4.917592592592593
unseen_distances,unseen far 2200-3500 m,Heuristic,8,-0.948531001137467,797.1654250750255,0.43603493697492834,0.011777211404687321,0.96328125,1.0617435726267435,0.5835358796296296,0.7594328703703703,0.16799768518518518,0.07256944444444445,0.015244616104868915,6377.323400600204,7.70625
unseen_distances,unseen far 2200-3500 m,Reactive,8,0.2945374194856913,935.0022737313668,0.44007298827013375,0.15047113718571883,0.7816767939814815,0.03300303908838607,0.5652777777777778,0.22696759259259258,0.7405671296296297,0.03246527777777778,0.019165496254681648,7480.0181898509345,6.253414351851852
unseen_distances,unseen far 2200-3500 m,PIGT-DT,8,0.2872214269192876,932.5806147155876,0.43911359901892866,0.15039157458862712,0.7846715856481481,0.03293694882804684,0.565769675925926,0.22572337962962963,0.7381365740740741,0.036140046296296295,0.020862593632958802,7460.6449177247005,6.277372685185185
unseen_distances,unseen far 2200-3500 m,MAPPO,8,-0.8210625115514014,739.0116200073214,0.4882278204112425,0.011746871595822155,0.9723379629629629,1.0690852680348726,0.5293402777777778,0.7655671296296296,0.0,0.23443287037037036,0.0036575374531835204,5912.092960058571,7.7787037037037035
unseen_distances,unseen far 2200-3500 m,MAPPO+DT,8,-0.558093516995338,972.7533290829505,0.48198382938703427,0.011795907740978807,0.9519314236111112,1.0612375043675013,0.5415509259259259,0.7631076388888889,0.23689236111111112,0.0,0.011879681647940074,7782.026632663604,7.615451388888889
unseen_distances,unseen far 2200-3500 m,Oracle,8,0.3364779651985125,954.0601339691647,0.4423744896093945,0.1503311696525411,0.7835214120370371,0.03280108946369149,0.5590856481481481,0.22465277777777778,0.7396990740740741,0.03564814814814815,0.015859082397003746,7632.481071753317,6.2681712962962965
unseen_turbidity,seen turbidity (c 0.15-0.41),Heuristic,8,0.9257835003766522,798.6189249085305,0.7994098953512079,4.1260124744310864e-05,0.8155092592592592,0.3234169907138522,0.20494791666666667,0.7594328703703703,0.16799768518518518,0.07256944444444445,0.03710205992509363,6388.951399268244,6.524074074074074
unseen_turbidity,seen turbidity (c 0.15-0.41),Reactive,8,1.3161346465830848,936.6752321405584,0.8583125905680005,0.015734414529285607,0.7704282407407408,0.26107904136365223,0.15355902777777777,0.6915219907407407,0.2760127314814815,0.03246527777777778,0.044066011235955056,7493.401857124467,6.163425925925926
unseen_turbidity,seen turbidity (c 0.15-0.41),PIGT-DT,8,1.3192276949737103,935.1507959057226,0.8573610180065512,0.015430854067976662,0.7631076388888889,0.2616748815948644,0.15457175925925926,0.6905671296296296,0.27335069444444443,0.03608217592592593,0.029582162921348316,7481.206367245781,6.104861111111111
unseen_turbidity,seen turbidity (c 0.15-0.41),MAPPO,8,1.1454928822648691,740.6500572506513,0.8978371312437328,7.181460486832349e-05,0.7331741898148149,0.3307586861219814,0.12667824074074074,0.7655671296296296,0.0,0.23443287037037036,0.005939840823970037,5925.200458005211,5.865393518518519
unseen_turbidity,seen turbidity (c 0.15-0.41),MAPPO+DT,8,1.4358926657192856,977.8439229496436,0.8887321923389165,7.809973291811686e-05,0.7393735532407407,0.3227576423016623,0.12879050925925925,0.7619791666666667,0.23802083333333332,0.0,0.01419124531835206,7822.751383597149,5.914988425925926
unseen_turbidity,seen turbidity (c 0.15-0.41),Oracle,8,1.3828596732519356,955.7354497987623,0.8612034470088501,0.015467968249827766,0.7675057870370371,0.2610620329455764,0.13885995370370371,0.6896122685185185,0.2747395833333333,0.03564814814814815,0.02615870786516854,7645.883598390098,6.140046296296297
unseen_turbidity,unseen clearer (c 0.08-0.15),Heuristic,8,1.6961380914719955,1437.848988462039,0.7724427314750882,3.54609677297144e-05,0.8658492476851852,0.3015962962008283,0.23223379629629629,0.6005208333333333,0.31429398148148147,0.08518518518518518,0.039940308988764044,11502.791907696312,6.926793981481482
unseen_turbidity,unseen clearer (c 0.08-0.15),Reactive,8,2.2051549626356737,1616.2551665024262,0.8491544110102799,0.01572734757046449,0.8149016203703704,0.2391142188129188,0.16516203703703702,0.5330439814814815,0.4294849537037037,0.03747106481481482,0.04719686329588015,12930.04133201941,6.519212962962963
unseen_turbidity,unseen clearer (c 0.08-0.15),PIGT-DT,8,2.225983269613393,1624.5616411569501,0.8521615732210789,0.015413719476105694,0.8032335069444444,0.240144988855772,0.16064814814814815,0.5375,0.42560763888888886,0.03689236111111111,0.03075257490636704,12996.493129255601,6.425868055555555
unseen_turbidity,unseen clearer (c 0.08-0.15),MAPPO,8,1.9233476127983837,1361.9394666995825,0.8838903719844735,7.181460486832349e-05,0.8336877893518518,0.3099646195667533,0.140625,0.6083043981481482,0.0,0.39169560185185187,0.006203183520599251,10895.51573359666,6.669502314814815
unseen_turbidity,unseen clearer (c 0.08-0.15),MAPPO+DT,8,2.3433099378508224,1666.2673956454694,0.8846802364156171,6.707895713583712e-05,0.7823350694444444,0.30119236195805255,0.13376736111111112,0.6053530092592593,0.3946469907407407,0.0,0.014249765917602996,13330.139165163755,6.258680555555555
unseen_turbidity,unseen clearer (c 0.08-0.15),Oracle,8,2.29549127981744,1644.4607497221627,0.8563262213257367,0.015473755242717827,0.8071903935185185,0.23928960206697095,0.1449074074074074,0.5328125,0.42977430555555557,0.03741319444444444,0.02759246254681648,13155.685997777302,6.457523148148148
unseen_turbidity,unseen turbid (c 0.55-1.1),Heuristic,8,0.16990498484601285,114.69434148606729,0.8440949025876628,2.7055587942316063e-05,0.7130931712962963,0.34965366238645124,0.15888310185185187,0.9588252314814815,0.02048611111111111,0.02068865740740741,0.028265449438202247,917.5547318885383,5.704745370370371
unseen_turbidity,unseen turbid (c 0.55-1.1),Reactive,8,0.3671059890728406,151.94897276211114,0.8878106455933229,0.01564159459655218,0.6655671296296296,0.2882099202403706,0.12060185185185185,0.8983796296296296,0.09131944444444444,0.010300925925925925,0.03411750936329588,1215.5917820968891,5.324537037037037
unseen_turbidity,unseen turbid (c 0.55-1.1),PIGT-DT,8,0.3551985350647611,146.46928800237214,0.8808626921121285,0.01557081085807003,0.6591796875,0.28825617203959525,0.12980324074074073,0.8914641203703704,0.09814814814814815,0.010387731481481482,0.02212078651685393,1171.754304018977,5.2734375
unseen_turbidity,unseen turbid (c 0.55-1.1),MAPPO,8,0.343004634749108,107.09148653242809,0.9126808812437328,7.181460486832349e-05,0.6052662037037037,0.35138603429351883,0.11183449074074074,0.9608506944444445,0.0,0.039149305555555555,0.0043305243445692886,856.7318922594247,4.842129629629629
unseen_turbidity,unseen turbid (c 0.55-1.1),MAPPO+DT,8,0.40696856774350215,161.21170049336527,0.9054804581897189,6.413810704300821e-05,0.6389322916666667,0.34928636435535265,0.10729166666666666,0.9597222222222223,0.04027777777777778,0.0,0.006905430711610487,1289.6936039469222,5.111458333333333
unseen_turbidity,unseen turbid (c 0.55-1.1),Oracle,8,0.4142539217236062,163.57774562041482,0.889634467488636,0.01546225918628578,0.6591941550925926,0.2882604520965569,0.10949074074074074,0.8985243055555555,0.0919849537037037,0.00949074074074074,0.01863881086142322,1308.6219649633185,5.273553240740741
unseen_acoustic_site,black,Heuristic,8,0.8504021195859033,725.4211110185431,0.7999282636978545,4.1439680831945137e-05,0.8109085648148148,0.32263081407469435,0.20170717592592594,0.7864583333333334,0.15399305555555556,0.05954861111111111,0.038009129213483143,5803.368888148345,6.487268518518518
unseen_acoustic_site,black,Reactive,8,1.2355697162175912,848.3664702836533,0.8645582024866904,0.014155070028071811,0.7648365162037037,0.26618441301295803,0.1441550925925926,0.7206018518518519,0.25049189814814815,0.02890625,0.044563436329588015,6786.931762269226,6.11869212962963
unseen_acoustic_site,black,PIGT-DT,8,1.26140848880468,855.5612323132932,0.8673038376022395,0.013904240962540509,0.7583695023148148,0.26695040915443385,0.13952546296296298,0.7203703703703703,0.2513888888888889,0.02824074074074074,0.030401451310861423,6844.489858506346,6.0669560185185185
unseen_acoustic_site,black,MAPPO,8,1.0963147927532793,681.6444536929812,0.9039016399356953,4.98063978736115e-05,0.7131293402777777,0.32830875312059776,0.11741898148148149,0.7937210648148149,0.0,0.2062789351851852,0.005764279026217229,5453.1556295438495,5.705034722222222
unseen_acoustic_site,black,MAPPO+DT,8,1.35944005384995,884.5513562992599,0.8974894033668774,7.931638391587821e-05,0.7199001736111111,0.3217154004009086,0.11585648148148148,0.7877893518518518,0.21221064814814813,0.0,0.011674859550561799,7076.410850394079,5.759201388888889
unseen_acoustic_site,black,Oracle,8,1.3144632998750994,870.8865947768938,0.8713495474892671,0.013788508321124824,0.7585069444444444,0.26712455107663996,0.12841435185185185,0.7198784722222222,0.25078125,0.029340277777777778,0.022530430711610486,6967.092758215151,6.0680555555555555
unseen_acoustic_site,purple,Heuristic,8,0.7440567954912894,683.8479380191145,0.7881210460980854,6.924787508024706e-05,0.8241898148148148,0.3234051089771098,0.21614583333333334,0.7901041666666667,0.14464699074074075,0.06524884259259259,0.042778558052434454,5470.783504152916,6.593518518518518
unseen_acoustic_site,purple,Reactive,8,1.160289466151548,818.1068060597097,0.8536016676134862,0.014149015560360476,0.7729456018518519,0.26662658309224374,0.1583622685185185,0.7255208333333333,0.24140625,0.03307291666666667,0.04965472846441948,6544.854448477678,6.183564814814815
unseen_acoustic_site,purple,PIGT-DT,8,1.2041033575743478,835.9374825819951,0.858126770376938,0.014157721757162428,0.7630208333333334,0.26645352881370465,0.15384837962962963,0.7253761574074075,0.24366319444444445,0.030960648148148147,0.03271301498127341,6687.499860655961,6.104166666666667
unseen_acoustic_site,purple,MAPPO,8,1.0417962457686036,646.5395760974212,0.8961328525505144,7.935860109825995e-05,0.7212601273148148,0.329495885908564,0.12100694444444444,0.7989293981481481,0.0,0.20107060185185185,0.00828066479400749,5172.31660877937,5.7700810185185185
unseen_acoustic_site,purple,MAPPO+DT,8,1.3074488211061592,862.1894621149585,0.8910484346733571,0.00012731364035188856,0.7348741319444444,0.3225077443322496,0.1255497685185185,0.793605324074074,0.20639467592592592,0.0,0.015332397003745318,6897.515696919668,5.878993055555555
unseen_acoustic_site,purple,Oracle,8,1.2582548965080942,852.3920175936665,0.862375669927584,0.013596540735925207,0.7677083333333333,0.2680980154883884,0.13822337962962963,0.7260706018518519,0.2427662037037037,0.031163194444444445,0.03048923220973783,6819.136140749332,6.141666666666667
unseen_acoustic_site,yellow,Heuristic,8,0.8479544673969054,725.417730692149,0.7990831820993333,4.597056686835496e-05,0.8096643518518518,0.32263081407469435,0.20315393518518518,0.7864583333333334,0.15399305555555556,0.05954861111111111,0.03651685393258427,5803.341845537192,6.4773148148148145
unseen_acoustic_site,yellow,Reactive,8,1.2347769279620595,848.3708439838803,0.86565162754344,0.013416472645479243,0.768431712962963,0.26876257697534867,0.1431712962962963,0.7231481481481481,0.24794560185185185,0.02890625,0.046289794007490635,6786.966751871042,6.147453703703704
unseen_acoustic_site,yellow,PIGT-DT,8,1.2603259574630439,855.4897730448693,0.867431691966838,0.013938664290568854,0.7603226273148148,0.2668997090424732,0.13975694444444445,0.7204282407407407,0.2513020833333333,0.028269675925925927,0.03089887640449438,6843.918184358954,6.0825810185185185
unseen_acoustic_site,yellow,MAPPO,8,1.102800151260329,681.672331396501,0.8997739122118732,4.050688300251325e-05,0.7225115740740741,0.3283073857612628,0.11388888888888889,0.7936921296296297,0.0,0.20630787037037038,0.007080992509363296,5453.378651172008,5.780092592592593
unseen_acoustic_site,yellow,MAPPO+DT,8,1.3562527549490115,884.5893009928374,0.8948841032788099,8.236676879018272e-05,0.7220269097222223,0.3217156474761225,0.11692708333333333,0.7877893518518518,0.21221064814814813,0.0,0.011411516853932584,7076.714407942699,5.776215277777778
unseen_acoustic_site,yellow,Oracle,8,1.3130938590410517,870.8889832389252,0.8719466629970972,0.013780233272150407,0.7617983217592592,0.26722440497402655,0.12783564814814816,0.7199074074074074,0.2507523148148148,0.029340277777777778,0.02501755617977528,6967.111865911402,6.094386574074074
unseen_acoustic_site,blue,Heuristic,8,0.750066023304262,683.8595765298913,0.7910306737922984,9.107835168801462e-05,0.8262008101851852,0.3234051089771098,0.21276041666666667,0.7901041666666667,0.14464699074074075,0.06524884259259259,0.04216409176029962,5470.876612239131,6.609606481481482
unseen_acoustic_site,blue,Reactive,8,1.1584633849154524,818.1010557307638,0.8521640853770293,0.014166167558170878,0.773705150462963,0.26676240221746583,0.15888310185185187,0.725462962962963,0.24146412037037038,0.03307291666666667,0.04590941011235955,6544.808445846111,6.189641203703704
unseen_acoustic_site,blue,PIGT-DT,8,1.1964779723128105,833.8708749952583,0.8565402539709293,0.013728584607757902,0.7666811342592592,0.26812899462327217,0.15503472222222223,0.7267071759259259,0.24195601851851853,0.031336805555555555,0.03271301498127341,6670.966999962066,6.133449074074074
unseen_acoustic_site,blue,MAPPO,8,1.0288920902497114,646.5535913128465,0.8934358106303173,0.00015523713328948185,0.725072337962963,0.32949908088149465,0.12395833333333334,0.7989293981481481,0.0,0.20107060185185185,0.009041432584269662,5172.428730502772,5.800578703703704
unseen_acoustic_site,blue,MAPPO+DT,8,1.2978538911072781,862.3578388949009,0.8876513068955474,0.00015039826242737472,0.7390407986111112,0.3225002248363012,0.12841435185185185,0.7935474537037037,0.2064525462962963,0.0,0.015742041198501873,6898.862711159207,5.912326388888889
unseen_acoustic_site,blue,Oracle,8,1.2533188176360142,852.3830773245725,0.8601406026540886,0.014107910581987114,0.7695963541666667,0.2664565491616079,0.14048032407407407,0.7243055555555555,0.24453125,0.031163194444444445,0.02744616104868914,6819.06461859658,6.156770833333334
unseen_acoustic_site,red,Heuristic,8,0.7387497789537958,683.8399112169076,0.7861143455463487,7.500765713450788e-05,0.825318287037037,0.3234051089771098,0.21805555555555556,0.7901041666666667,0.14464699074074075,0.06524884259259259,0.04391970973782772,5470.719289735261,6.602546296296296
unseen_acoustic_site,red,Reactive,8,1.1611889340340487,818.1109559368452,0.8546391368973494,0.01358198115413586,0.7719835069444444,0.26868033960971704,0.15758101851851852,0.7274884259259259,0.2394386574074074,0.03307291666666667,0.04915730337078652,6544.887647494762,6.175868055555555
unseen_acoustic_site,red,PIGT-DT,8,1.2040793149968914,835.0600076586071,0.858357821702752,0.013772728266450738,0.7605541087962963,0.26781804684260424,0.1537037037037037,0.7265625,0.24322916666666666,0.030208333333333334,0.032595973782771535,6680.480061268857,6.08443287037037
unseen_acoustic_site,red,MAPPO,8,1.046051485758703,646.5330884356114,0.8959960542460381,7.363367611091013e-05,0.7263599537037037,0.3294960645769978,0.11898148148148148,0.7991319444444445,0.0,0.20086805555555556,0.00924625468164794,5172.264707484891,5.810879629629629
unseen_acoustic_site,red,MAPPO+DT,8,1.3070947575697307,861.7904204586482,0.8910732379237336,0.00013321602736085728,0.73359375,0.32254362452036117,0.12523148148148147,0.7938657407407408,0.20613425925925927,0.0,0.016619850187265917,6894.323363669186,5.86875
unseen_acoustic_site,red,Oracle,8,1.2624638292617285,852.3999078143773,0.8643482251052925,0.013319617244460374,0.7668402777777777,0.26907786517122195,0.1361400462962963,0.727025462962963,0.2418113425925926,0.031163194444444445,0.032888576779026214,6819.199262515019,6.134722222222222
