N,controller,reward,pdr,goodput_per_node,goodput_total,energy_per_node,energy_total,viol,dt_infer_ms,dt_infer_ms_per_node,dt_ensemble3_ms,dt_mem_MB,dt_train_s_per_epoch,n_train_samples
4,Heuristic,0.5031882554362337,0.7601088944303359,659.4654933679809,2637.8619734719236,0.8513020833333333,3.4052083333333334,0.2480324074074074,,,,,,
4,Reactive,0.8513885855595031,0.8254882967184284,742.5152976052194,2970.0611904208777,0.7868055555555555,3.147222222222222,0.18530092592592592,,,,,,
4,PIGT-DT,0.8842005139957011,0.8290821267103478,753.5265005239382,3014.106002095753,0.7817418981481481,3.1269675925925924,0.1804398148148148,,,,,,
4,MAPPO,0.7203247608788584,0.8511682404520767,623.8846931360298,2495.538772544119,0.7588541666666667,3.035416666666667,0.1730324074074074,,,,,,
4,MAPPO+DT,0.89184726520215,0.847879952468733,749.0624011836571,2996.2496047346285,0.7387731481481481,2.9550925925925924,0.17118055555555556,,,,,,
4,Oracle,0.9265512441742635,0.8315490300394065,760.0077713549788,3040.031085419915,0.7754629629629629,3.1018518518518516,0.16643518518518519,,,,,,
4,_DT,,,,,,,,1.5898711000045296,0.3974677750011324,4.769613300013589,0.40765380859375,0.7017029523849487,1440.0
8,Heuristic,1.044091622768248,0.8470981541412319,733.0723183546446,5864.578546837157,0.7615306712962963,6.09224537037037,0.1545138888888889,,,,,,
8,Reactive,1.2954643463641784,0.903368885679787,790.0066972233368,6320.053577786694,0.7151475694444445,5.721180555555556,0.10416666666666667,,,,,,
8,PIGT-DT,1.316093270603584,0.9056793661945303,792.4203465140173,6339.362772112138,0.7067708333333333,5.654166666666667,0.10133101851851851,,,,,,
8,MAPPO,1.1439283343596323,0.9238935280116469,656.1604665435083,5249.283732348066,0.6765480324074075,5.41238425925926,0.09768518518518518,,,,,,
8,MAPPO+DT,1.404539205285786,0.926091777676544,826.3528221064976,6610.822576851981,0.6668547453703704,5.334837962962963,0.08576388888888889,,,,,,
8,Oracle,1.356498693634838,0.9090977101005961,800.6333654245284,6405.066923396227,0.7073784722222223,5.659027777777778,0.08929398148148149,,,,,,
8,_DT,,,,,,,,2.579791140015004,0.3224738925018755,7.739373420045013,0.8153076171875,1.2996987104415894,1440.0
16,Heuristic,0.9123694194867645,0.7741827234921144,836.483627964575,13383.7380474332,0.8478732638888888,13.565972222222221,0.23032407407407407,,,,,,
16,Reactive,1.3271084800547281,0.8323072389392145,989.5442385882611,15832.707817412178,0.8136284722222222,13.018055555555556,0.17873263888888888,,,,,,
16,PIGT-DT,1.3285069206032096,0.8332853088524766,987.6485857759266,15802.377372414825,0.8060402199074074,12.896643518518518,0.17821180555555555,,,,,,
16,MAPPO,1.2103477220708763,0.8799531355177642,814.9385516407757,13039.016826252411,0.765379050925926,12.246064814814815,0.14204282407407406,,,,,,
16,MAPPO+DT,1.5009117355339165,0.8740986257287542,1049.8770594637074,16798.032951419318,0.7669849537037037,12.271759259259259,0.14247685185185185,,,,,,
16,Oracle,1.4245058643294903,0.8393569643551665,1023.8362477296446,16381.379963674313,0.8063151041666666,12.901041666666666,0.16047453703703704,,,,,,
16,_DT,,,,,,,,2.589240739980596,0.16182754624878726,7.767722219941788,1.630615234375,2.710282564163208,1440.0
32,Heuristic,0.8460460207343738,0.7973031003224226,751.3498960026645,24043.196672085265,0.8310872395833333,26.594791666666666,0.20933159722222222,,,,,,
32,Reactive,1.2199390413818492,0.8497272632195928,876.5687473344831,28050.19991470346,0.7803132233796296,24.970023148148147,0.16109664351851852,,,,,,
32,PIGT-DT,1.2518800469212321,0.8526718346959462,891.850081406019,28539.202604992606,0.7790870949074075,24.93078703703704,0.15823206018518518,,,,,,
32,MAPPO,1.0833765517735259,0.8911178489999487,710.6281975130676,22740.102320418162,0.7311197916666666,23.395833333333332,0.13506944444444444,,,,,,
32,MAPPO+DT,1.3384134923293167,0.8836135262913833,917.0792981310201,29346.537540192643,0.742650462962963,23.764814814814816,0.13517071759259258,,,,,,
32,Oracle,1.3172644687423538,0.8569411475538687,908.1152433944808,29059.687788623385,0.7766384548611112,24.852430555555557,0.14285300925925926,,,,,,
32,_DT,,,,,,,,2.466541520007013,0.07707942250021915,7.399624560021039,3.26123046875,4.749128103256226,1440.0
64,Heuristic,0.7856732221565459,0.8104519140787757,654.9370677462368,41915.97233575916,0.8063169126157408,51.60428240740741,0.1937572337962963,,,,,,
64,Reactive,1.113190356907972,0.8585246661048936,762.5658825935943,48804.21648599004,0.7689597800925926,49.213425925925925,0.15080295138888888,,,,,,
64,PIGT-DT,1.1449943438429764,0.8607693974142486,775.8624492196493,49655.196750057556,0.7639232494212963,48.89108796296296,0.14811921296296296,,,,,,
64,MAPPO,1.004801253828029,0.8984077519955971,604.2903975243287,38674.585441557036,0.7139576099537037,45.69328703703704,0.11866319444444444,,,,,,
64,MAPPO+DT,1.2266488888440255,0.8898744488177076,794.4744673854158,50846.36591266661,0.7213794849537037,46.16828703703704,0.12422598379629629,,,,,,
64,Oracle,1.201172754909523,0.8665539288363941,790.1665516677688,50570.6593067372,0.7618815104166666,48.760416666666664,0.13347800925925926,,,,,,
64,_DT,,,,,,,,3.0504336200101534,0.04766302531265865,9.15130086003046,6.5224609375,11.720423221588135,1440.0
128,Heuristic,0.7755984772858157,0.8073733759827079,660.6871374504389,84567.95359365617,0.806272605613426,103.20289351851852,0.1979347511574074,,,,,,
128,Reactive,1.1376255485332774,0.8603411362550893,781.3485202730644,100012.61059495225,0.7656286168981481,98.00046296296296,0.1486111111111111,,,,,,
128,PIGT-DT,1.1619420692528393,0.8621842542455177,790.9695226002746,101244.09889283514,0.7615360966435185,97.47662037037037,0.14684968171296298,,,,,,
128,MAPPO,1.020566434443291,0.89831704907213,628.4322468998745,80439.32760318393,0.7136727792245371,91.35011574074075,0.12213903356481481,,,,,,
128,MAPPO+DT,1.2398417521992018,0.8896493825781601,811.7465446041842,103903.55770933558,0.7197636357060185,92.12974537037037,0.12545572916666667,,,,,,
128,Oracle,1.2249155882775906,0.8677960998835278,810.052330990139,103686.6983667378,0.7612693504050926,97.44247685185185,0.13193721064814815,,,,,,
128,_DT,,,,,,,,3.5498954799913918,0.027733558437432748,10.649686439974175,13.044921875,29.27176034450531,1440.0
