EfficiencyRank,TeamName,PublicScore,DateSubmitted
1,Scott Willis,0.958,Thu Sep 24 15:50:36 2026
2,Avinash Niroula,0.948,Tue Sep 22 20:40:23 2026
3,Brandon Low,0.954,Tue Sep 22 07:11:01 2026
4,tomoon33,0.954,Thu Sep 24 15:22:58 2026
5,UCAS_fish_wang,0.951,Thu Sep 24 00:02:08 2026
6,Lukas Nissen Molvær,0.955,Fri Sep 25 19:34:21 2026
7,Claudio Verdú Ruiz,0.945,Wed Sep 23 09:29:11 2026
8,Marco Ledda,0.944,Fri Sep 25 17:10:58 2026
9,Cemal Ataş & Gülşah Ataş,0.945,Thu Sep 24 17:45:34 2026
10,Optimo,0.949,Fri Sep 25 07:45:51 2026
11,frizzerdk,0.946,Mon Sep 14 21:28:17 2026
12,Stephen Schott,0.943,Thu Sep 24 00:26:49 2026
13,ikevayansky,0.948,Fri Sep 25 14:24:18 2026
14,Yann Majewski,0.948,Wed Sep 16 11:46:00 2026
15,Ouch! my knees!,0.947,Fri Sep 25 19:31:06 2026
16,CurveCowboy,0.944,Sun Sep 20 00:00:14 2026
17,Flempan,0.94,Fri Sep 25 07:14:49 2026
18,huyntgo and apoorvsara,0.939,Thu Sep 24 17:20:32 2026
19,Alex Lenzi,0.937,Sat Sep 19 23:04:20 2026
20,noobanot,0.941,Fri Sep 18 07:18:52 2026
21,Prateek Grover,0.939,Fri Sep 25 18:10:57 2026
22,teopinti,0.952,Fri Sep 25 11:00:26 2026
23,Tim Krige,0.94,Tue Sep 8 18:16:51 2026
24,IKDksk,0.942,Fri Sep 25 03:03:52 2026
25,Hello,0.94,Wed Sep 23 20:39:33 2026
26,Ibrahem-A163,0.936,Thu Sep 3 07:51:56 2026
27,Dimitar Terziev,0.945,Thu Sep 17 19:22:50 2026
28,TakamaruEX,0.939,Sat Sep 12 12:12:09 2026
29,Siontist,0.941,Fri Aug 28 23:49:28 2026
30,Arunodhayan,0.942,Sun Sep 20 13:17:18 2026
31,Dread Development,0.945,Thu Sep 17 12:01:04 2026
32,Pirhosseinlou,0.94,Mon Sep 21 16:33:49 2026
33,Danial Zakaria,0.942,Thu Sep 24 15:46:39 2026
34,Youssef Ouertani,0.944,Mon Sep 21 06:31:37 2026
35,Reilly,0.932,Tue Sep 15 05:11:17 2026
36,Rishi Gottumukkala,0.941,Tue Sep 1 01:01:17 2026
37,Ivan Vybornov,0.934,Tue Aug 25 22:43:15 2026
38,TA,0.95,Thu Sep 24 22:57:00 2026
39,Dominik 🇵🇱,0.94,Mon Aug 31 00:07:12 2026
40,DONGGEUN,0.939,Wed Sep 2 06:01:17 2026
41,MojoJojos,0.926,Wed Sep 16 00:17:31 2026
42,kaggle & graduate trade-off,0.939,Thu Sep 24 18:31:27 2026
43,tsuyu122,0.927,Sat Sep 5 23:32:36 2026
44,Aiden-Kwak,0.934,Mon Sep 7 08:29:36 2026
45,Shun Kuraishi,0.947,Tue Sep 22 10:19:02 2026
46,ishikei,0.949,Fri Sep 25 00:12:39 2026
47,QuantQT,0.927,Tue Sep 22 20:51:20 2026
48,masa-suke,0.944,Fri Sep 25 11:34:59 2026
49,Coffeethefifth,0.95,Thu Sep 24 02:41:07 2026
50,Fabian Friedland,0.927,Mon Sep 21 17:21:36 2026
51,jp_nerdery,0.946,Thu Sep 17 07:29:29 2026
52,gchauhan,0.931,Tue Sep 22 21:06:59 2026
53,Eugene,0.938,Tue Sep 22 06:31:26 2026
54,AMIS Running club,0.952,Thu Sep 24 15:11:41 2026
55,Tokai kaggler会,0.933,Sun Aug 30 13:32:03 2026
56,Ziad Ahmed,0.932,Tue Sep 22 07:08:55 2026
57,Jeff Law #2,0.934,Fri Sep 11 20:59:12 2026
58,Yannan Chen,0.948,Fri Sep 25 02:21:35 2026
59,Adam Narai,0.93,Mon Sep 21 15:31:58 2026
60,Wayne_127,0.942,Fri Sep 25 15:27:48 2026
61,TakafumiOuchi,0.946,Fri Sep 25 08:21:02 2026
62,JYA,0.929,Sat Sep 19 01:33:18 2026
63,Q,0.953,Wed Sep 23 08:10:49 2026
64,Sravan,0.932,Thu Sep 24 07:49:18 2026
65,rook,0.941,Fri Sep 25 17:03:28 2026
66,DaviDavian,0.937,Thu Aug 20 15:13:47 2026
67,I eat dogs,0.933,Fri Sep 25 08:51:52 2026
68,XuKong Ji,0.943,Fri Sep 18 11:32:42 2026
69,Sergey Subbotin,0.95,Mon Sep 14 04:50:21 2026
70,Ibrahim-Khalil,0.924,Sun Sep 13 21:17:14 2026
71,Leonardo Viola10,0.934,Mon Sep 14 13:35:21 2026
72,Optimus Prime,0.93,Sat Sep 5 13:03:51 2026
73,Andrew Bunn,0.941,Thu Sep 10 03:40:47 2026
74,YT,0.949,Wed Sep 23 07:59:59 2026
75,Ayush Sinha,0.926,Wed Sep 2 23:55:05 2026
76,Matulich,0.927,Wed Sep 16 03:27:59 2026
77,Louis Deconinck,0.925,Tue Sep 15 07:38:35 2026
78,Bernardo Gallegos,0.943,Tue Sep 22 15:25:47 2026
79,TomKroumov,0.957,Thu Sep 24 21:57:44 2026
80,Piterson465,0.921,Thu Sep 24 15:52:23 2026
81,Miles Oberting,0.931,Fri Sep 25 01:59:30 2026
82,Mathis Champagne,0.928,Fri Sep 11 10:48:16 2026
83,cm391,0.928,Fri Sep 4 11:50:15 2026
84,Evan zhu,0.955,Tue Sep 22 23:34:34 2026
85,kitano0104,0.928,Fri Sep 25 18:08:22 2026
86,Kendamarron,0.943,Thu Sep 17 08:14:11 2026
87,Jorge O Suarez,0.923,Thu Sep 24 16:28:32 2026
88,rian!,0.938,Thu Sep 10 00:07:02 2026
89,ShelterW,0.94,Tue Sep 22 15:27:48 2026
90,elegans,0.935,Fri Sep 4 23:02:13 2026
91,Rogers Johnson,0.928,Sun Sep 20 13:35:52 2026
92,Gareth Wynne-McHardy,0.917,Mon Sep 21 14:41:38 2026
93,T.Kawahara,0.926,Fri Sep 25 08:14:05 2026
94,evnsnclr,0.932,Sun Sep 6 19:26:28 2026
95,CentralyDS,0.936,Wed Sep 16 20:09:11 2026
96,Matias Poullain,0.916,Tue Sep 8 23:11:40 2026
97,xseeva,0.93,Fri Sep 25 18:35:01 2026
98,Priyam Vyas,0.921,Thu Sep 24 14:16:15 2026
99,Nguyên Nguyên,0.936,Mon Sep 21 06:20:05 2026
100,AnyTeam,0.926,Sat Sep 5 18:23:18 2026
