,sens,spec,prec,f1,acc,model
ACL,0.7916666666666666,0.5,0.5277777777777778,0.6333333333333333,0.6206896551724138,abmil
MCL,0.7777777777777778,0.5510204081632653,0.2413793103448276,0.368421052631579,0.5862068965517241,abmil
Medial Meniscus,0.6923076923076923,0.5625,0.5625,0.6206896551724138,0.6206896551724138,abmil
Lateral Meniscus,0.7391304347826086,0.42857142857142855,0.4594594594594595,0.5666666666666667,0.5517241379310345,abmil
Medial OA,0.7333333333333333,0.6744186046511628,0.44,0.5499999999999999,0.6896551724137931,abmil
Lateral OA,0.7272727272727273,0.5106382978723404,0.25806451612903225,0.38095238095238093,0.5517241379310345,abmil
PF OA,0.6190476190476191,0.4864864864864865,0.40625,0.49056603773584906,0.5344827586206896,abmil
Effusion,0.8285714285714286,0.4782608695652174,0.7073170731707317,0.7631578947368421,0.6896551724137931,abmil
Synovitis,0.5925925925925926,0.5161290322580645,0.5161290322580645,0.5517241379310345,0.5517241379310345,abmil
Baker's,0.8333333333333334,0.5652173913043478,0.3333333333333333,0.47619047619047616,0.6206896551724138,abmil
Contusion,0.6842105263157895,0.6666666666666666,0.5,0.5777777777777778,0.6724137931034483,abmil
Fracture,0.5555555555555556,0.625,0.4,0.46511627906976744,0.603448275862069,abmil
ACL,0.75,0.5294117647058824,0.5294117647058824,0.6206896551724139,0.6206896551724138,avg_mlp_mvmor
MCL,0.8888888888888888,0.20408163265306123,0.1702127659574468,0.2857142857142857,0.3103448275862069,avg_mlp_mvmor
Medial Meniscus,0.5769230769230769,0.5,0.4838709677419355,0.5263157894736842,0.5344827586206896,avg_mlp_mvmor
Lateral Meniscus,0.9130434782608695,0.2857142857142857,0.45652173913043476,0.608695652173913,0.5344827586206896,avg_mlp_mvmor
Medial OA,0.8,0.7209302325581395,0.5,0.6153846153846154,0.7413793103448276,avg_mlp_mvmor
Lateral OA,0.7272727272727273,0.6382978723404256,0.32,0.4444444444444444,0.6551724137931034,avg_mlp_mvmor
PF OA,0.5238095238095238,0.5675675675675675,0.4074074074074074,0.4583333333333333,0.5517241379310345,avg_mlp_mvmor
Effusion,0.7428571428571429,0.391304347826087,0.65,0.6933333333333334,0.603448275862069,avg_mlp_mvmor
Synovitis,0.5185185185185185,0.5806451612903226,0.5185185185185185,0.5185185185185185,0.5517241379310345,avg_mlp_mvmor
Baker's,0.75,0.717391304347826,0.4090909090909091,0.5294117647058824,0.7241379310344828,avg_mlp_mvmor
Contusion,0.7368421052631579,0.717948717948718,0.56,0.6363636363636364,0.7241379310344828,avg_mlp_mvmor
Fracture,0.8333333333333334,0.35,0.36585365853658536,0.5084745762711864,0.5,avg_mlp_mvmor
ACL,0.7083333333333334,0.5294117647058824,0.5151515151515151,0.5964912280701754,0.603448275862069,hgb
MCL,0.6666666666666666,0.46938775510204084,0.1875,0.29268292682926833,0.5,hgb
Medial Meniscus,0.6153846153846154,0.53125,0.5161290322580645,0.5614035087719298,0.5689655172413793,hgb
Lateral Meniscus,0.782608695652174,0.5428571428571428,0.5294117647058824,0.631578947368421,0.6379310344827587,hgb
Medial OA,0.8,0.6976744186046512,0.48,0.6,0.7241379310344828,hgb
Lateral OA,0.5454545454545454,0.7021276595744681,0.3,0.3870967741935483,0.6724137931034483,hgb
PF OA,0.47619047619047616,0.6756756756756757,0.45454545454545453,0.46511627906976744,0.603448275862069,hgb
Effusion,0.8285714285714286,0.43478260869565216,0.6904761904761905,0.7532467532467533,0.6724137931034483,hgb
Synovitis,0.6296296296296297,0.5161290322580645,0.53125,0.5762711864406779,0.5689655172413793,hgb
Baker's,0.75,0.8043478260869565,0.5,0.6,0.7931034482758621,hgb
Contusion,0.7368421052631579,0.5641025641025641,0.45161290322580644,0.56,0.6206896551724138,hgb
Fracture,0.6666666666666666,0.575,0.41379310344827586,0.5106382978723404,0.603448275862069,hgb
ACL,0.75,0.5294117647058824,0.5294117647058824,0.6206896551724139,0.6206896551724138,hybrid_fixedgate
MCL,0.7777777777777778,0.46938775510204084,0.21212121212121213,0.3333333333333333,0.5172413793103449,hybrid_fixedgate
Medial Meniscus,0.5769230769230769,0.53125,0.5,0.5357142857142857,0.5517241379310345,hybrid_fixedgate
Lateral Meniscus,0.9130434782608695,0.34285714285714286,0.4772727272727273,0.6268656716417911,0.5689655172413793,hybrid_fixedgate
Medial OA,0.8,0.627906976744186,0.42857142857142855,0.5581395348837209,0.6724137931034483,hybrid_fixedgate
Lateral OA,0.7272727272727273,0.425531914893617,0.22857142857142856,0.34782608695652173,0.4827586206896552,hybrid_fixedgate
PF OA,0.5714285714285714,0.5405405405405406,0.41379310344827586,0.48000000000000004,0.5517241379310345,hybrid_fixedgate
Effusion,0.7714285714285715,0.4782608695652174,0.6923076923076923,0.7297297297297296,0.6551724137931034,hybrid_fixedgate
Synovitis,0.5555555555555556,0.5806451612903226,0.5357142857142857,0.5454545454545454,0.5689655172413793,hybrid_fixedgate
Baker's,0.8333333333333334,0.6521739130434783,0.38461538461538464,0.5263157894736842,0.6896551724137931,hybrid_fixedgate
Contusion,0.8421052631578947,0.6153846153846154,0.5161290322580645,0.6399999999999999,0.6896551724137931,hybrid_fixedgate
Fracture,0.7777777777777778,0.45,0.3888888888888889,0.5185185185185185,0.5517241379310345,hybrid_fixedgate
ACL,0.75,0.5294117647058824,0.5294117647058824,0.6206896551724139,0.6206896551724138,hybrid_noaux
MCL,0.7777777777777778,0.2857142857142857,0.16666666666666666,0.2745098039215686,0.3620689655172414,hybrid_noaux
Medial Meniscus,0.6538461538461539,0.5,0.5151515151515151,0.576271186440678,0.5689655172413793,hybrid_noaux
Lateral Meniscus,0.8260869565217391,0.6,0.5757575757575758,0.6785714285714286,0.6896551724137931,hybrid_noaux
Medial OA,0.8,0.627906976744186,0.42857142857142855,0.5581395348837209,0.6724137931034483,hybrid_noaux
Lateral OA,0.6363636363636364,0.6382978723404256,0.2916666666666667,0.4,0.6379310344827587,hybrid_noaux
PF OA,0.6190476190476191,0.5135135135135135,0.41935483870967744,0.5,0.5517241379310345,hybrid_noaux
Effusion,0.8285714285714286,0.4782608695652174,0.7073170731707317,0.7631578947368421,0.6896551724137931,hybrid_noaux
Synovitis,0.4444444444444444,0.6774193548387096,0.5454545454545454,0.4897959183673469,0.5689655172413793,hybrid_noaux
Baker's,0.75,0.782608695652174,0.47368421052631576,0.5806451612903226,0.7758620689655172,hybrid_noaux
Contusion,0.7894736842105263,0.5897435897435898,0.4838709677419355,0.6,0.6551724137931034,hybrid_noaux
Fracture,0.7777777777777778,0.45,0.3888888888888889,0.5185185185185185,0.5517241379310345,hybrid_noaux
ACL,0.75,0.5294117647058824,0.5294117647058824,0.6206896551724139,0.6206896551724138,hybrid
MCL,0.7777777777777778,0.24489795918367346,0.1590909090909091,0.2641509433962264,0.3275862068965517,hybrid
Medial Meniscus,0.6538461538461539,0.46875,0.5,0.5666666666666668,0.5517241379310345,hybrid
Lateral Meniscus,0.8695652173913043,0.5142857142857142,0.5405405405405406,0.6666666666666666,0.6551724137931034,hybrid
Medial OA,0.8,0.627906976744186,0.42857142857142855,0.5581395348837209,0.6724137931034483,hybrid
Lateral OA,0.7272727272727273,0.5319148936170213,0.26666666666666666,0.3902439024390244,0.5689655172413793,hybrid
PF OA,0.6190476190476191,0.5135135135135135,0.41935483870967744,0.5,0.5517241379310345,hybrid
Effusion,0.7714285714285715,0.4782608695652174,0.6923076923076923,0.7297297297297296,0.6551724137931034,hybrid
Synovitis,0.4444444444444444,0.6129032258064516,0.5,0.47058823529411764,0.5344827586206896,hybrid
Baker's,0.75,0.7391304347826086,0.42857142857142855,0.5454545454545454,0.7413793103448276,hybrid
Contusion,0.7894736842105263,0.6153846153846154,0.5,0.6122448979591837,0.6724137931034483,hybrid
Fracture,0.6666666666666666,0.65,0.46153846153846156,0.5454545454545455,0.6551724137931034,hybrid
ACL,0.75,0.6176470588235294,0.5806451612903226,0.6545454545454547,0.6724137931034483,logreg
MCL,0.6666666666666666,0.4897959183673469,0.1935483870967742,0.30000000000000004,0.5172413793103449,logreg
Medial Meniscus,0.6923076923076923,0.59375,0.5806451612903226,0.631578947368421,0.6379310344827587,logreg
Lateral Meniscus,0.8695652173913043,0.37142857142857144,0.47619047619047616,0.6153846153846153,0.5689655172413793,logreg
Medial OA,0.6666666666666666,0.7441860465116279,0.47619047619047616,0.5555555555555556,0.7241379310344828,logreg
Lateral OA,0.5454545454545454,0.5319148936170213,0.21428571428571427,0.30769230769230765,0.5344827586206896,logreg
PF OA,0.42857142857142855,0.7297297297297297,0.47368421052631576,0.45,0.6206896551724138,logreg
Effusion,0.6285714285714286,0.2608695652173913,0.5641025641025641,0.5945945945945945,0.4827586206896552,logreg
Synovitis,0.37037037037037035,0.7096774193548387,0.5263157894736842,0.43478260869565216,0.5517241379310345,logreg
Baker's,0.75,0.717391304347826,0.4090909090909091,0.5294117647058824,0.7241379310344828,logreg
Contusion,0.631578947368421,0.6153846153846154,0.4444444444444444,0.5217391304347826,0.6206896551724138,logreg
Fracture,0.5,0.625,0.375,0.42857142857142855,0.5862068965517241,logreg
ACL,0.7916666666666666,0.5,0.5277777777777778,0.6333333333333333,0.6206896551724138,meanmlp
MCL,0.7777777777777778,0.3877551020408163,0.1891891891891892,0.30434782608695654,0.4482758620689655,meanmlp
Medial Meniscus,0.5769230769230769,0.5,0.4838709677419355,0.5263157894736842,0.5344827586206896,meanmlp
Lateral Meniscus,0.9130434782608695,0.4857142857142857,0.5384615384615384,0.6774193548387096,0.6551724137931034,meanmlp
Medial OA,0.8,0.5813953488372093,0.4,0.5333333333333333,0.6379310344827587,meanmlp
Lateral OA,0.8181818181818182,0.6808510638297872,0.375,0.5142857142857142,0.7068965517241379,meanmlp
PF OA,0.5238095238095238,0.5675675675675675,0.4074074074074074,0.4583333333333333,0.5517241379310345,meanmlp
Effusion,0.7428571428571429,0.5652173913043478,0.7222222222222222,0.732394366197183,0.6724137931034483,meanmlp
Synovitis,0.6296296296296297,0.5483870967741935,0.5483870967741935,0.5862068965517241,0.5862068965517241,meanmlp
Baker's,0.8333333333333334,0.6521739130434783,0.38461538461538464,0.5263157894736842,0.6896551724137931,meanmlp
Contusion,0.8947368421052632,0.4358974358974359,0.4358974358974359,0.5862068965517242,0.5862068965517241,meanmlp
Fracture,0.7222222222222222,0.5,0.3939393939393939,0.5098039215686274,0.5689655172413793,meanmlp
ACL,0.75,0.5,0.5142857142857142,0.6101694915254237,0.603448275862069,mvmor_meandec
MCL,0.7777777777777778,0.32653061224489793,0.175,0.2857142857142857,0.39655172413793105,mvmor_meandec
Medial Meniscus,0.6538461538461539,0.40625,0.4722222222222222,0.5483870967741936,0.5172413793103449,mvmor_meandec
Lateral Meniscus,0.8260869565217391,0.5714285714285714,0.5588235294117647,0.6666666666666667,0.6724137931034483,mvmor_meandec
Medial OA,0.8,0.4418604651162791,0.3333333333333333,0.47058823529411764,0.5344827586206896,mvmor_meandec
Lateral OA,0.7272727272727273,0.3829787234042553,0.21621621621621623,0.33333333333333337,0.4482758620689655,mvmor_meandec
PF OA,0.6190476190476191,0.5675675675675675,0.4482758620689655,0.52,0.5862068965517241,mvmor_meandec
Effusion,0.7714285714285715,0.391304347826087,0.6585365853658537,0.7105263157894737,0.6206896551724138,mvmor_meandec
Synovitis,0.4444444444444444,0.6129032258064516,0.5,0.47058823529411764,0.5344827586206896,mvmor_meandec
Baker's,0.75,0.5217391304347826,0.2903225806451613,0.4186046511627908,0.5689655172413793,mvmor_meandec
Contusion,0.8421052631578947,0.5641025641025641,0.48484848484848486,0.6153846153846154,0.6551724137931034,mvmor_meandec
Fracture,0.6111111111111112,0.7,0.4782608695652174,0.5365853658536586,0.6724137931034483,mvmor_meandec
ACL,0.8333333333333334,0.4117647058823529,0.5,0.625,0.5862068965517241,mvmor_noplane
MCL,0.7777777777777778,0.4897959183673469,0.21875,0.34146341463414637,0.5344827586206896,mvmor_noplane
Medial Meniscus,0.8461538461538461,0.4375,0.55,0.6666666666666667,0.6206896551724138,mvmor_noplane
Lateral Meniscus,0.8260869565217391,0.45714285714285713,0.5,0.6229508196721311,0.603448275862069,mvmor_noplane
Medial OA,0.8,0.5581395348837209,0.3870967741935484,0.5217391304347827,0.6206896551724138,mvmor_noplane
Lateral OA,0.7272727272727273,0.48936170212765956,0.25,0.37209302325581395,0.5344827586206896,mvmor_noplane
PF OA,0.5714285714285714,0.5945945945945946,0.4444444444444444,0.5,0.5862068965517241,mvmor_noplane
Effusion,0.8,0.391304347826087,0.6666666666666666,0.7272727272727272,0.6379310344827587,mvmor_noplane
Synovitis,0.5185185185185185,0.4838709677419355,0.4666666666666667,0.4912280701754386,0.5,mvmor_noplane
Baker's,0.8333333333333334,0.6521739130434783,0.38461538461538464,0.5263157894736842,0.6896551724137931,mvmor_noplane
Contusion,0.8421052631578947,0.5641025641025641,0.48484848484848486,0.6153846153846154,0.6551724137931034,mvmor_noplane
Fracture,0.7777777777777778,0.5,0.4117647058823529,0.5384615384615384,0.5862068965517241,mvmor_noplane
ACL,0.75,0.5,0.5142857142857142,0.6101694915254237,0.603448275862069,mvmor_norouting
MCL,0.7777777777777778,0.3877551020408163,0.1891891891891892,0.30434782608695654,0.4482758620689655,mvmor_norouting
Medial Meniscus,0.7307692307692307,0.4375,0.5135135135135135,0.6031746031746031,0.5689655172413793,mvmor_norouting
Lateral Meniscus,0.9130434782608695,0.34285714285714286,0.4772727272727273,0.6268656716417911,0.5689655172413793,mvmor_norouting
Medial OA,0.8666666666666667,0.5581395348837209,0.40625,0.5531914893617021,0.6379310344827587,mvmor_norouting
Lateral OA,0.7272727272727273,0.46808510638297873,0.24242424242424243,0.36363636363636365,0.5172413793103449,mvmor_norouting
PF OA,0.7142857142857143,0.5405405405405406,0.46875,0.5660377358490566,0.603448275862069,mvmor_norouting
Effusion,0.7428571428571429,0.4782608695652174,0.6842105263157895,0.7123287671232877,0.6379310344827587,mvmor_norouting
Synovitis,0.5925925925925926,0.5483870967741935,0.5333333333333333,0.5614035087719299,0.5689655172413793,mvmor_norouting
Baker's,0.8333333333333334,0.45652173913043476,0.2857142857142857,0.42553191489361697,0.5344827586206896,mvmor_norouting
Contusion,0.8421052631578947,0.5641025641025641,0.48484848484848486,0.6153846153846154,0.6551724137931034,mvmor_norouting
Fracture,0.7777777777777778,0.35,0.35,0.48275862068965514,0.4827586206896552,mvmor_norouting
ACL,0.7083333333333334,0.5588235294117647,0.53125,0.6071428571428571,0.6206896551724138,mvmor_r1
MCL,0.7777777777777778,0.2857142857142857,0.16666666666666666,0.2745098039215686,0.3620689655172414,mvmor_r1
Medial Meniscus,0.6538461538461539,0.4375,0.4857142857142857,0.5573770491803278,0.5344827586206896,mvmor_r1
Lateral Meniscus,0.782608695652174,0.5142857142857142,0.5142857142857142,0.6206896551724138,0.6206896551724138,mvmor_r1
Medial OA,0.8,0.6046511627906976,0.41379310344827586,0.5454545454545454,0.6551724137931034,mvmor_r1
Lateral OA,0.7272727272727273,0.5531914893617021,0.27586206896551724,0.4,0.5862068965517241,mvmor_r1
PF OA,0.5238095238095238,0.6756756756756757,0.4782608695652174,0.5,0.6206896551724138,mvmor_r1
Effusion,0.8,0.391304347826087,0.6666666666666666,0.7272727272727272,0.6379310344827587,mvmor_r1
Synovitis,0.5185185185185185,0.5161290322580645,0.4827586206896552,0.5,0.5172413793103449,mvmor_r1
Baker's,0.8333333333333334,0.4782608695652174,0.29411764705882354,0.4347826086956522,0.5517241379310345,mvmor_r1
Contusion,0.6842105263157895,0.6666666666666666,0.5,0.5777777777777778,0.6724137931034483,mvmor_r1
Fracture,0.7777777777777778,0.475,0.4,0.5283018867924528,0.5689655172413793,mvmor_r1
ACL,0.7916666666666666,0.47058823529411764,0.5135135135135135,0.6229508196721311,0.603448275862069,mvmor
MCL,0.7777777777777778,0.40816326530612246,0.19444444444444445,0.3111111111111111,0.46551724137931033,mvmor
Medial Meniscus,0.6153846153846154,0.5,0.5,0.5517241379310345,0.5517241379310345,mvmor
Lateral Meniscus,0.9130434782608695,0.4,0.5,0.6461538461538461,0.603448275862069,mvmor
Medial OA,0.8,0.627906976744186,0.42857142857142855,0.5581395348837209,0.6724137931034483,mvmor
Lateral OA,0.6363636363636364,0.6595744680851063,0.30434782608695654,0.411764705882353,0.6551724137931034,mvmor
PF OA,0.5238095238095238,0.5945945945945946,0.4230769230769231,0.4680851063829788,0.5689655172413793,mvmor
Effusion,0.7142857142857143,0.5217391304347826,0.6944444444444444,0.7042253521126761,0.6379310344827587,mvmor
Synovitis,0.6666666666666666,0.4838709677419355,0.5294117647058824,0.5901639344262295,0.5689655172413793,mvmor
Baker's,0.75,0.6304347826086957,0.34615384615384615,0.4736842105263157,0.6551724137931034,mvmor
Contusion,0.7368421052631579,0.6410256410256411,0.5,0.5957446808510638,0.6724137931034483,mvmor
Fracture,0.6666666666666666,0.575,0.41379310344827586,0.5106382978723404,0.603448275862069,mvmor
ACL,0.75,0.5588235294117647,0.5454545454545454,0.631578947368421,0.6379310344827587,mvmor_sagonly
MCL,1.0,0.2857142857142857,0.20454545454545456,0.339622641509434,0.39655172413793105,mvmor_sagonly
Medial Meniscus,0.6153846153846154,0.4375,0.47058823529411764,0.5333333333333333,0.5172413793103449,mvmor_sagonly
Lateral Meniscus,0.9130434782608695,0.5428571428571428,0.5675675675675675,0.6999999999999998,0.6896551724137931,mvmor_sagonly
Medial OA,0.8,0.5581395348837209,0.3870967741935484,0.5217391304347827,0.6206896551724138,mvmor_sagonly
Lateral OA,0.6363636363636364,0.6382978723404256,0.2916666666666667,0.4,0.6379310344827587,mvmor_sagonly
PF OA,0.7142857142857143,0.6756756756756757,0.5555555555555556,0.6250000000000001,0.6896551724137931,mvmor_sagonly
Effusion,0.7714285714285715,0.5652173913043478,0.7297297297297297,0.75,0.6896551724137931,mvmor_sagonly
Synovitis,0.7777777777777778,0.41935483870967744,0.5384615384615384,0.6363636363636364,0.5862068965517241,mvmor_sagonly
Baker's,0.75,0.45652173913043476,0.2647058823529412,0.39130434782608703,0.5172413793103449,mvmor_sagonly
Contusion,0.8421052631578947,0.4358974358974359,0.42105263157894735,0.5614035087719298,0.5689655172413793,mvmor_sagonly
Fracture,0.7777777777777778,0.5,0.4117647058823529,0.5384615384615384,0.5862068965517241,mvmor_sagonly
ACL,0.7916666666666666,0.47058823529411764,0.5135135135135135,0.6229508196721311,0.603448275862069,mvmor_unshared
MCL,0.7777777777777778,0.42857142857142855,0.2,0.3181818181818182,0.4827586206896552,mvmor_unshared
Medial Meniscus,0.8076923076923077,0.375,0.5121951219512195,0.6268656716417911,0.5689655172413793,mvmor_unshared
Lateral Meniscus,0.9130434782608695,0.4,0.5,0.6461538461538461,0.603448275862069,mvmor_unshared
Medial OA,0.8,0.5813953488372093,0.4,0.5333333333333333,0.6379310344827587,mvmor_unshared
Lateral OA,0.7272727272727273,0.44680851063829785,0.23529411764705882,0.3555555555555555,0.5,mvmor_unshared
PF OA,0.6666666666666666,0.5135135135135135,0.4375,0.5283018867924528,0.5689655172413793,mvmor_unshared
Effusion,0.7714285714285715,0.43478260869565216,0.675,0.72,0.6379310344827587,mvmor_unshared
Synovitis,0.6296296296296297,0.4838709677419355,0.5151515151515151,0.5666666666666667,0.5517241379310345,mvmor_unshared
Baker's,0.8333333333333334,0.5869565217391305,0.3448275862068966,0.4878048780487806,0.6379310344827587,mvmor_unshared
Contusion,0.7894736842105263,0.5384615384615384,0.45454545454545453,0.5769230769230769,0.6206896551724138,mvmor_unshared
Fracture,0.6666666666666666,0.6,0.42857142857142855,0.5217391304347826,0.6206896551724138,mvmor_unshared
ACL,0.6666666666666666,0.5588235294117647,0.5161290322580645,0.5818181818181819,0.603448275862069,transformer
MCL,0.7777777777777778,0.22448979591836735,0.15555555555555556,0.25925925925925924,0.3103448275862069,transformer
Medial Meniscus,0.6923076923076923,0.4375,0.5,0.5806451612903226,0.5517241379310345,transformer
Lateral Meniscus,0.9130434782608695,0.34285714285714286,0.4772727272727273,0.6268656716417911,0.5689655172413793,transformer
Medial OA,0.8666666666666667,0.5348837209302325,0.3939393939393939,0.5416666666666666,0.6206896551724138,transformer
Lateral OA,0.7272727272727273,0.5319148936170213,0.26666666666666666,0.3902439024390244,0.5689655172413793,transformer
PF OA,0.5714285714285714,0.5945945945945946,0.4444444444444444,0.5,0.5862068965517241,transformer
Effusion,0.7428571428571429,0.5217391304347826,0.7027027027027027,0.7222222222222223,0.6551724137931034,transformer
Synovitis,0.48148148148148145,0.5806451612903226,0.5,0.49056603773584906,0.5344827586206896,transformer
Baker's,0.8333333333333334,0.5434782608695652,0.3225806451612903,0.4651162790697674,0.603448275862069,transformer
Contusion,0.8421052631578947,0.5641025641025641,0.48484848484848486,0.6153846153846154,0.6551724137931034,transformer
Fracture,0.6666666666666666,0.65,0.46153846153846156,0.5454545454545455,0.6551724137931034,transformer
