model,ref,oof_auc_ref,oof_auc,oof_diff,oof_ci_lo,oof_ci_hi,oof_p,gold_auc_ref,gold_auc,gold_diff,gold_ci_lo,gold_ci_hi,gold_p
abmil,hybrid,0.7943177760287609,0.7748160925925012,0.019501683436259687,0.01610883228983275,0.022240986674502895,0.0,0.7204253973266378,0.7019510103617849,0.01847438696485293,-0.004300326043240718,0.03991053490199816,0.104
avg_mlp_mvmor,hybrid,0.7943177760287609,0.7967966549976025,-0.0024788789688416912,-0.005063768478455652,-0.00013857666514508737,0.03,0.7204253973266378,0.7019084062342151,0.018516991092422663,0.007515571742286067,0.028806026130895952,0.0
hgb,hybrid,0.7943177760287609,0.7777429886521897,0.016574787376571143,0.012048027680711981,0.02113468360560086,0.0,0.7204253973266378,0.6880326353843326,0.032392761942305226,0.003699641820649472,0.059223230374342566,0.032
hybrid_fixedgate,hybrid,0.7943177760287609,0.7940903339706087,0.0002274420581521719,-0.00011670193010922536,0.0006324356322013031,0.21,0.7204253973266378,0.7194246438074718,0.0010007535191659533,-0.0017654779973918788,0.0038089847811980646,0.452
hybrid_noaux,hybrid,0.7943177760287609,0.7893051101951433,0.005012665833617591,0.0026153152363300623,0.007581701261040863,0.0,0.7204253973266378,0.7141448005775923,0.006280596749045464,-0.0038790412127094774,0.0174788484657588,0.232
logreg,hybrid,0.7943177760287609,0.7527656513883613,0.04155212464039959,0.035210884096508174,0.04776335529641334,0.0,0.7204253973266378,0.6648232581335131,0.05560213919312473,0.01667875096267937,0.09348696681684328,0.002
meanmlp,hybrid,0.7943177760287609,0.7929345706425863,0.0013832053861745353,-0.0012405754896850363,0.003709601742626335,0.33,0.7204253973266378,0.6988605913735558,0.021564805953081967,0.003289927319472652,0.04023833396518971,0.024
mvmor_meandec,hybrid,0.7943177760287609,0.7831599790610725,0.011157796967688371,0.0075063895451644965,0.015122673425985047,0.0,0.7204253973266378,0.695747409697587,0.024677987629050824,0.004122777869279746,0.04739242784124651,0.024
mvmor_noplane,hybrid,0.7943177760287609,0.7835801868417573,0.010737589187003516,0.007454299256130914,0.01413303947172231,0.0,0.7204253973266378,0.7059822908404643,0.01444310648617353,-0.003754322724250664,0.03120650430135295,0.108
mvmor_norouting,hybrid,0.7943177760287609,0.7781243080345952,0.016193467994165656,0.012616703006089344,0.020150625488190372,0.0,0.7204253973266378,0.6931584844194939,0.027266912907143892,0.007043611696156685,0.049547435105706326,0.01
mvmor_r1,hybrid,0.7943177760287609,0.7849832236962286,0.00933455233253222,0.005778864047413174,0.012783020616637143,0.0,0.7204253973266378,0.7024334598489065,0.017991937477731312,0.0029240408894894935,0.03350961280508088,0.014
mvmor,hybrid,0.7943177760287609,0.7837787924919494,0.010538983536811486,0.006771737014945614,0.013664816611081213,0.0,0.7204253973266378,0.6958004702889271,0.024624927037710687,0.009483787919270362,0.040086362937924516,0.0
mvmor_sagonly,hybrid,0.7943177760287609,0.767332887480689,0.026984888548071906,0.020711098537501305,0.03338937918599484,0.0,0.7204253973266378,0.6814927159803935,0.03893268134624428,0.0006813812120036425,0.08266323071088495,0.05
mvmor_unshared,hybrid,0.7943177760287609,0.7843292960280998,0.009988480000661104,0.006314330221668574,0.012970217647433944,0.0,0.7204253973266378,0.7020927866865936,0.01833261064004421,0.002759431124369236,0.03550844347322688,0.018
transformer,hybrid,0.7943177760287609,0.7785156252000683,0.01580215082869252,0.012449347812517803,0.019454112518680178,0.0,0.7204253973266378,0.6908113053623238,0.02961409196431397,0.010170527057739362,0.0503730097861068,0.006
