,ACL,MCL,Medial Meniscus,Lateral Meniscus,Medial OA,Lateral OA,PF OA,Effusion,Synovitis,Baker's,Contusion,Fracture
abmil|gold,0.7377450980392157,0.5895691609977324,0.6370192307692307,0.6993788819875776,0.7689922480620156,0.7079303675048356,0.6666666666666666,0.7602484472049689,0.6105137395459976,0.7663043478260869,0.7975708502024292,0.675
abmil|oof,0.7705347899711803,0.7351354258052197,0.7297329496532685,0.7222793701911677,0.808597130387289,0.7849144118769421,0.8043746248523613,0.8143434651261394,0.8508514393125732,0.7629457737635942,0.7683221389821752,0.759259019492332
logreg|gold,0.7450980392156863,0.6394557823129252,0.688701923076923,0.7229813664596274,0.7922480620155038,0.597678916827853,0.6151866151866151,0.5006211180124224,0.5854241338112306,0.7971014492753623,0.7031039136302295,0.5902777777777778
logreg|oof,0.7745256458741601,0.6878765688101333,0.7024067565900236,0.6744480835020414,0.7967082457323333,0.7440238229361632,0.7959918536855267,0.7760205109179563,0.8475330872655619,0.7620177465844366,0.7074499842130945,0.7641855105489055
meanmlp|gold,0.7438725490196079,0.6054421768707483,0.6033653846153846,0.7254658385093168,0.7705426356589147,0.758220502901354,0.6576576576576576,0.715527950310559,0.5890083632019115,0.7771739130434783,0.757085020242915,0.6791666666666666
meanmlp|oof,0.804469889584319,0.7388784563367483,0.7511511065295926,0.7404696208171465,0.8233704281114025,0.8022432810597664,0.8259907564795295,0.8289421242315029,0.8773241250428836,0.7666465072747599,0.7751765263067252,0.7888880976580285
mvmor_meandec|gold,0.7561274509803921,0.6054421768707483,0.5757211538461539,0.75527950310559,0.7596899224806202,0.6963249516441006,0.6602316602316602,0.7440993788819876,0.5519713261648745,0.7753623188405797,0.7867746288798919,0.6819444444444446
mvmor_meandec|oof,0.7844626751558987,0.7389301155959,0.7448349790979273,0.7290321235855226,0.8166368174370308,0.7863416377435749,0.8104808402603019,0.8211265104939581,0.8595477111157467,0.7526287783850873,0.7819964694738654,0.7719010903880557
mvmor_noplane|gold,0.7291666666666666,0.6145124716553287,0.5757211538461539,0.7329192546583851,0.7844961240310078,0.7040618955512572,0.6872586872586872,0.7428571428571429,0.5949820788530465,0.818840579710145,0.7800269905533064,0.7069444444444444
mvmor_noplane|oof,0.7860741885541619,0.7403188735743857,0.738548967632633,0.7317207705074793,0.808015608855253,0.7890851671482134,0.8044133497699095,0.8241838032647868,0.8604240617732395,0.7657434423520386,0.7826613134705359,0.7717726951984514
mvmor_norouting|gold,0.7426470588235293,0.6099773242630386,0.5492788461538461,0.6832298136645962,0.7627906976744186,0.6885880077369438,0.6705276705276705,0.7701863354037267,0.5949820788530467,0.7626811594202899,0.8205128205128205,0.6625000000000001
mvmor_norouting|oof,0.783513666757802,0.731236209092513,0.7396672384720193,0.7279927774694568,0.8101246598816964,0.7937230833530192,0.8096664435094398,0.8246141615433539,0.8595683987378251,0.7378703972284945,0.7673767186199374,0.752137941749584
mvmor_r1|gold,0.7573529411764706,0.6145124716553287,0.5673076923076923,0.7068322981366459,0.7767441860465116,0.7021276595744681,0.6666666666666666,0.7304347826086955,0.5591397849462365,0.8134057971014492,0.8110661268556005,0.7236111111111111
mvmor_r1|oof,0.787179818809794,0.7391162097692192,0.7442944837367149,0.729894293627654,0.8084723213975071,0.7895080348651972,0.8058285694839434,0.8248407356370575,0.8638501618519099,0.7606173324005665,0.7789022359998852,0.7872944867752956
mvmor|gold,0.7426470588235294,0.5986394557823129,0.5877403846153846,0.7453416149068324,0.7844961240310078,0.7156673114119922,0.6743886743886744,0.7453416149068323,0.5782556750298686,0.8061594202898551,0.8043184885290148,0.6805555555555556
mvmor|oof,0.8062653108780156,0.7438259632790277,0.7493624569321781,0.7378437671802167,0.8239745919822925,0.7998968763060821,0.8192426462261687,0.8392862253550986,0.8721160161846163,0.7743244549854681,0.785476046958868,0.7739651239822792
mvmor_sagonly|gold,0.7475490196078431,0.564625850340136,0.530048076923077,0.7515527950310559,0.7255813953488373,0.6460348162475822,0.7091377091377091,0.7540372670807453,0.6308243727598566,0.7065217391304347,0.7314439946018894,0.6805555555555556
mvmor_sagonly|oof,0.7739930224143888,0.7193140979628729,0.7506209593858997,0.7066164841492553,0.7963349232673226,0.7746997147062563,0.8020391016053825,0.8007306020775917,0.835601213903691,0.711858146132209,0.7774096558454606,0.7587767283179367
mvmor_unshared|gold,0.7732843137254902,0.6235827664399094,0.5504807692307693,0.7366459627329193,0.7550387596899224,0.6827852998065764,0.6898326898326899,0.751552795031056,0.5651135005973715,0.7844202898550725,0.8137651821862348,0.6986111111111111
mvmor_unshared|oof,0.7916787407384365,0.7360281340554753,0.7468499627862177,0.7327509972667985,0.8083729160074157,0.7941281580684826,0.8069210815517427,0.830310578757685,0.8633818170742991,0.7572338407306927,0.7783532822411664,0.7659420430587833
transformer|gold,0.758578431372549,0.5941043083900227,0.5384615384615384,0.7291925465838509,0.7798449612403101,0.690522243713733,0.6628056628056628,0.7490683229813664,0.5842293906810035,0.7608695652173912,0.8137651821862348,0.6763888888888888
transformer|oof,0.7975801650150428,0.7446404273882287,0.7466069123439641,0.7383601833251259,0.8177402172670477,0.7985370367005263,0.8136146248758309,0.8298489506041976,0.8672199456260333,0.7545053713088248,0.7737456586009932,0.7686750263803561
