model,n_seeds,params,oof_auc_mean,oof_auc_sd,gold_auc_mean,gold_auc_sd,oof_auc_ens,gold_auc_ens,gold_sens,gold_spec,gold_prec,gold_f1,gold_acc,train_min_per_seed,gold_ci_lo,gold_ci_hi,oof_ci_lo,oof_ci_hi,gold_diff_vs_ref,gold_diff_p,oof_diff_vs_ref,oof_diff_p
hybrid_fixedgate,1,745371.0,0.7940903339706087,0.0,0.7194246438074718,0.0,0.7940903339706087,0.7194246438074718,0.7413871777430131,0.5202792211772537,0.442283079039606,0.5385489292398786,0.5933908045977011,104.7747499426206,0.6575172748956376,0.774271970437881,0.7869727175650725,0.8014293455321646,-0.006807667397892181,0.034,0.00321892773558774,0.0
hybrid_noaux,1,745383.0,0.7893051101951433,0.0,0.7141448005775923,0.0,0.7893051101951433,0.7141448005775923,0.7211157898800921,0.5560730769014987,0.4604830118343191,0.5466915918252366,0.6120689655172414,101.98563087383906,0.6473728108726174,0.7707637504862022,0.7817606781420693,0.7971517640276902,-0.0015278241680126703,0.804,0.00800415151105316,0.0
hybrid,3,745383.0,0.7922792231121517,0.0015101255493293452,0.7106741471183792,0.007066478585169467,0.7973092617061964,0.7126169764095797,0.7182935718404826,0.5438633306324071,0.4521711442252239,0.5391691102597368,0.6005747126436781,101.67546249628067,0.650887200825751,0.7690771158055897,0.7895899196941171,0.8040300040316762,,,,
mvmor_noplane,1,345359.0,0.7835801868417573,0.0,0.7059822908404643,0.0,0.7835801868417573,0.7059822908404643,0.7628156754396267,0.502479258809383,0.43873776060979575,0.5457146496192954,0.5962643678160919,103.29524707396826,0.6416658969176584,0.7636675929056984,0.7761158134172975,0.790523836135998,0.006634685569115395,0.398,0.013729074864439084,0.0
mvmor,3,345743.0,0.784109620127963,0.0009108757939184029,0.6997900697727486,0.005928139198890772,0.7937982900208592,0.7052959481892384,0.7160422375954413,0.5427415051529318,0.44564644120380953,0.5370321448171501,0.6048850574712644,108.55292200247446,0.6406968169622885,0.7614597155472104,0.7864431434617711,0.8009502216360509,0.007321028220341308,0.248,0.0035109716853372053,0.01
avg_mlp_mvmor,3,745371.0,0.7969842656766994,0.0006808001784952559,0.7057307059461215,0.00320168015492218,0.8002033535990046,0.7052382689436759,0.7301240662606032,0.516941073912693,0.44757397759076006,0.5371399670741038,0.5876436781609197,0.0,0.6429510396216276,0.7617675049137069,0.7932876446785262,0.8068756694251538,0.007378707465903744,0.148,-0.0028940918928082038,0.0
mvmor_r1,1,345485.0,0.7849832236962286,0.0,0.7024334598489065,0.0,0.7849832236962286,0.7024334598489065,0.7156240306364258,0.5131002311296563,0.4341146369217352,0.5227757426175269,0.5790229885057472,84.19468043247859,0.6395322617047083,0.7587667718201219,0.7778361919764165,0.7921956329360886,0.010183516560673178,0.166,0.012326038009967788,0.0
mvmor_unshared,1,610703.0,0.7843292960280998,0.0,0.7020927866865936,0.0,0.7843292960280998,0.7020927866865936,0.7645542924671451,0.488329056124402,0.43471656146559057,0.5420397236170195,0.5862068965517242,102.26788200934728,0.6351682997172434,0.7587902071478492,0.777293712773389,0.7918334035877812,0.010524189722986077,0.168,0.012979965678096672,0.0
abmil,3,112920.0,0.7746807363914158,0.00030229500303987077,0.7017016572444129,0.00018562105070213042,0.7759408782845202,0.7014115865672298,0.7145666406297604,0.5470757654615818,0.4460175418727688,0.5370496410165101,0.6077586206896552,16.189555660883585,0.6363162547410395,0.7572664441815734,0.7688579278871706,0.784230007731502,0.011205389842349867,0.322,0.02136838342167624,0.0
meanmlp,3,399628.0,0.792291683113636,0.0005897647705194624,0.6993304870979062,0.002416306222446722,0.7936292432860337,0.6985440548915429,0.7520151259806102,0.5337466004174268,0.4505640345022066,0.5490247129190006,0.6048850574712644,5.075640813509623,0.6413721193512687,0.7531085213917811,0.7866255137625077,0.8002030606855475,0.01407292151803674,0.126,0.003680018420162745,0.0
mvmor_meandec,1,211727.0,0.7831599790610725,0.0,0.695747409697587,0.0,0.7831599790610725,0.695747409697587,0.7144267187173367,0.4988887673276214,0.4275104498302445,0.5155456910660564,0.5675287356321839,101.3025018175443,0.629745359595663,0.7544475043311654,0.776362536453185,0.7902723871426421,0.01686956671199269,0.106,0.01414928264512394,0.0
transformer,3,610316.0,0.7781955365941388,0.0006950668212861201,0.6924611208035097,0.0011666451260834549,0.7875895432863476,0.694819253543546,0.7318006223231243,0.5070857328355299,0.4354731761989827,0.5266035452485205,0.5761494252873561,185.87041247288386,0.627732482345987,0.7542617468837721,0.7795166949550085,0.7948668189080921,0.01779772286603365,0.084,0.009719718419848866,0.0
mvmor_norouting,1,345356.0,0.7781243080345952,0.0,0.6931584844194939,0.0,0.7781243080345952,0.6931584844194939,0.7723734753959773,0.4693458080231341,0.42914933474143996,0.5354025506782502,0.5689655172413792,177.39553213119507,0.6239220653495112,0.753049532035172,0.7700185935438972,0.7851805808811235,0.019458491990085758,0.072,0.019184953671601224,0.0
hgb,1,,0.7777429886521897,0.0,0.6880326353843326,0.0,0.7777429886521897,0.6880326353843326,0.6838623469010577,0.5868955373052581,0.46415583031759905,0.5445438251552401,0.6307471264367815,8.180679090817769,0.635565165685761,0.7431446019960416,0.7707298243727945,0.7850617078868048,0.024584341025247092,0.096,0.01956627305400671,0.0
mvmor_sagonly,1,345743.0,0.767332887480689,0.0,0.6814927159803935,0.0,0.767332887480689,0.6814927159803935,0.7790139028697382,0.5061666204937426,0.44901577394024716,0.5524005903390968,0.5948275862068966,110.25299362341563,0.6181156554020992,0.7437460807992269,0.7595489248781369,0.7752971412163154,0.031124260429186146,0.136,0.029976374225507474,0.0
logreg,1,18444.0,0.7527656513883613,0.0,0.6648232581335131,0.0,0.7527656513883613,0.6648232581335131,0.6249794136140436,0.5838979268985415,0.4428452744985003,0.5019880339623912,0.6034482758620691,0.9944445570309957,0.6123512327611237,0.716547021384302,0.7450107479079202,0.7607629911593412,0.0477937182760666,0.012,0.04454361031783516,0.0
